{
    "success":"true", 
    "data":{
        "status":"true",
        "message":"Successfully Get Pets By Pet Status!",
        "records":"84",
        "pets":
        [
            {
            "product_id":"4",
            "category_id":"42",
            "status":"1",
            "store_id":"2",
            "tax_id":"0",
            "title":"Exotic-Shorthair-3-1.jpg",
            "description":"Fat cats",
            "descriptionDisplay":"<p>Fat cats<\/p><br \/>",
            "keywords":"",
            "price":"500",
            "language":"",
            "specifications":"",
            "style_code":"",
            "color":"White",
            "condition":"0",
            "size":"",
            "quantity":"0",
            "view":"1043",
            "created":"2015-11-02 21:13:32",
            "feature_date":"",
            "gallery_date":"",
            "banner_a":"",
            "banner_b":"",
            "banner_c":"",
            "todays_deal":"",
            "discount":"",
            "date_lost":"2015-11-17 00:00:00",
            "date_born":"2010-11-11 00:00:00",
            "sub_category":"2",
            "weight":"13kg",
            "height":"30 cm",
            "name_of_pet":"DO DO",
            "country":"HK",
            "contact":"",
            "pet_status":"3",
            "count_down_end_date":"0000-00-00 00:00:00",
            "last_seen_appearance":"last seen looking dirty with red tag and blue hat",
            "questions":"",
            "pet_id":"A1600004",
            "gender":"M",
            "country_id":"74",
            "sub_country_id":"316",
            "filename":"http://whospets.com\/images\/product\/4\/e0f466ce3e57563ffaaf66dcdf50ceda.jpg"
        },
            {
            "product_id":"127","category_id":"38","status":"1","store_id":"13","tax_id":"0","title":"Clyde.jpg","description":"Clyde is very lovely Lab cross that will melt everyone\u2019s heart! Always carrying a big smile on his face, Clyde is a very happy and passionate boy despite his bad experience of being abandoned (definitely not his fault!). He is perfect for families who enjoy outdoor activities and desire the company ","descriptionDisplay":"<p>Clyde is very lovely Lab cross that will melt everyone\u2019s heart! Always carrying a big smile on his face, Clyde is a very happy and passionate boy despite his bad experience of being abandoned (definitely not his fault!). He is perfect for families who enjoy outdoor activities and desire the company<\/p><br \/>","keywords":"","price":"0","language":"","specifications":"","style_code":"","color":"","condition":"0","size":"","quantity":"0","view":"481","created":"2016-07-19 12:22:13","feature_date":"","gallery_date":"","banner_a":"","banner_b":"","banner_c":"","todays_deal":"","discount":"","date_lost":"0000-00-00 00:00:00","date_born":"0000-00-00 00:00:00","sub_category":"1","weight":"","height":"","name_of_pet":"","country":"","contact":"","pet_status":"3","count_down_end_date":"0000-00-00 00:00:00","last_seen_appearance":"","questions":"","pet_id":"","gender":"M","country_id":"0","sub_country_id":"0","filename":"http://whospets.com\/images\/product\/127\/5bda59d48cf9dbf97595436257d0a480.jpg"},{"product_id":"128","category_id":"38","status":"1","store_id":"13","tax_id":"0","title":"Nattie.jpg","description":"Nattie is super cute with her wrinkly face and big smile. She is a sweet, playful, happy go lucky dog. She is very easygoing with dogs and with people. She loves going on walks or outings and is up for any adventure! She walks well on a leash and is happy to socialize. She would make a great member ","descriptionDisplay":"<p>Nattie is super cute with her wrinkly face and big smile. She is a sweet, playful, happy go lucky dog. She is very easygoing with dogs and with people. She loves going on walks or outings and is up for any adventure! She walks well on a leash and is happy to socialize. She would make a great member<\/p><br \/>","keywords":"","price":"0","language":"","specifications":"","style_code":"","color":"","condition":"0","size":"","quantity":"0","view":"525","created":"2016-07-19 12:22:48","feature_date":"","gallery_date":"","banner_a":"","banner_b":"","banner_c":"","todays_deal":"","discount":"","date_lost":"0000-00-00 00:00:00","date_born":"0000-00-00 00:00:00","sub_category":"1","weight":"","height":"","name_of_pet":"","country":"","contact":"","pet_status":"3","count_down_end_date":"0000-00-00 00:00:00","last_seen_appearance":"","questions":"","pet_id":"","gender":"F","country_id":"0","sub_country_id":"0","filename":"http://whospets.com\/images\/product\/128\/c8ab54d07d5e54de8afa59dfe8e4d874.jpg"},{"product_id":"129","category_id":"38","status":"1","store_id":"13","tax_id":"0","title":"Phil-Vivian-20130512.jpg","description":"Phil was fed by the monks at Lantau\u2019s Big Buddha when he was a puppy. He is a smaller medium-sized dog who is very cute and loves people. Phil is just a gentle sweetheart.","descriptionDisplay":"<p>Phil was fed by the monks at Lantau\u2019s Big Buddha when he was a puppy. He is a smaller medium-sized dog who is very cute and loves people. Phil is just a gentle sweetheart.<\/p><br \/>","keywords":"","price":"0","language":"","specifications":"","style_code":"","color":"","condition":"0","size":"","quantity":"0","view":"501","created":"2016-07-19 12:23:28","feature_date":"","gallery_date":"","banner_a":"","banner_b":"","banner_c":"","todays_deal":"","discount":"","date_lost":"0000-00-00 00:00:00","date_born":"0000-00-00 00:00:00","sub_category":"1","weight":"","height":"","name_of_pet":"","country":"","contact":"","pet_status":"3","count_down_end_date":"0000-00-00 00:00:00","last_seen_appearance":"","questions":"","pet_id":"","gender":"M","country_id":"0","sub_country_id":"0","filename":"http://whospets.com\/images\/product\/129\/a8def64df42241b579aa0390ad2f203b.jpg"},{"product_id":"130","category_id":"38","status":"1","store_id":"13","tax_id":"0","title":"Bertie.jpg","description":"Bertie is a sweet-looking young boy who is friendly and easygoing. He had hip dysplasiabut he is fine now after undergoing a surgery.","descriptionDisplay":"<p>Bertie is a sweet-looking young boy who is friendly and easygoing. He had hip dysplasiabut he is fine now after undergoing a surgery.<\/p><br \/>","keywords":"","price":"0","language":"","specifications":"","style_code":"","color":"","condition":"0","size":"","quantity":"0","view":"501","created":"2016-07-19 12:24:02","feature_date":"","gallery_date":"","banner_a":"","banner_b":"","banner_c":"","todays_deal":"","discount":"","date_lost":"0000-00-00 00:00:00","date_born":"0000-00-00 00:00:00","sub_category":"1","weight":"","height":"","name_of_pet":"","country":"","contact":"","pet_status":"3","count_down_end_date":"0000-00-00 00:00:00","last_seen_appearance":"","questions":"","pet_id":"","gender":"M","country_id":"0","sub_country_id":"0","filename":"http://whospets.com\/images\/product\/130\/f76e31b3ac093f64702f9ee634e3ce02.jpg"},{"product_id":"131","category_id":"38","status":"1","store_id":"13","tax_id":"0","title":"Dawn-1-Siu-Pang-20150425.jpg","description":"Dawn is a bit on the timid side but giving time and loving home would come out of her shell. It is easy to tell when Dawn is happy as her little stumpy tail starts wiggling like mad! She loves walks and is more confident with her best friend Andy beside her. Now at Tai Po Homing Centre waiting for a","descriptionDisplay":"<p>Dawn is a bit on the timid side but giving time and loving home would come out of her shell. It is easy to tell when Dawn is happy as her little stumpy tail starts wiggling like mad! She loves walks and is more confident with her best friend Andy beside her. Now at Tai Po Homing Centre waiting for a<\/p><br \/>","keywords":"","price":"0","language":"","specifications":"","style_code":"","color":"","condition":"0","size":"","quantity":"0","view":"521","created":"2016-07-19 12:24:48","feature_date":"","gallery_date":"","banner_a":"","banner_b":"","banner_c":"","todays_deal":"","discount":"","date_lost":"0000-00-00 00:00:00","date_born":"0000-00-00 00:00:00","sub_category":"1","weight":"","height":"","name_of_pet":"","country":"","contact":"","pet_status":"3","count_down_end_date":"0000-00-00 00:00:00","last_seen_appearance":"","questions":"","pet_id":"","gender":"F","country_id":"0","sub_country_id":"0","filename":"http://whospets.com\/images\/product\/131\/13324a9bd569b1ffd3dbb17306f9eb17.jpg"},{"product_id":"132","category_id":"38","status":"1","store_id":"13","tax_id":"0","title":"Pickle-William-Chan2.jpg","description":"Pickle is a very gentle and friendly dog, who is patiently waiting at Tai Po Homing Centre for you to give him a home.","descriptionDisplay":"<p>Pickle is a very gentle and friendly dog, who is patiently waiting at Tai Po Homing Centre for you to give him a home.<\/p><br \/>","keywords":"","price":"0","language":"","specifications":"","style_code":"","color":"","condition":"0","size":"","quantity":"0","view":"526","created":"2016-07-19 12:25:24","feature_date":"","gallery_date":"","banner_a":"","banner_b":"","banner_c":"","todays_deal":"","discount":"","date_lost":"0000-00-00 00:00:00","date_born":"0000-00-00 00:00:00","sub_category":"1","weight":"","height":"","name_of_pet":"","country":"","contact":"","pet_status":"3","count_down_end_date":"0000-00-00 00:00:00","last_seen_appearance":"","questions":"","pet_id":"","gender":"M","country_id":"0","sub_country_id":"0","filename":"http://whospets.com\/images\/product\/132\/f4fdd35e275d204705fd556ec9f70d4d.jpg"},{"product_id":"133","category_id":"38","status":"1","store_id":"13","tax_id":"0","title":"Nando.jpg","description":"Spritzer was found close to death as a baby puppy and it was quite a battle to get him back to full health, but now he is perfectly fine.  He\u2019s a happy and friendly boy who deserves a chance after his tough start.","descriptionDisplay":"<p>Spritzer was found close to death as a baby puppy and it was quite a battle to get him back to full health, but now he is perfectly fine.  He\u2019s a happy and friendly boy who deserves a chance after his tough start.<\/p><br \/>","keywords":"","price":"0","language":"","specifications":"","style_code":"","color":"","condition":"0","size":"","quantity":"0","view":"504","created":"2016-07-19 12:26:04","feature_date":"","gallery_date":"","banner_a":"","banner_b":"","banner_c":"","todays_deal":"","discount":"","date_lost":"0000-00-00 00:00:00","date_born":"0000-00-00 00:00:00","sub_category":"1","weight":"","height":"","name_of_pet":"","country":"","contact":"","pet_status":"3","count_down_end_date":"0000-00-00 00:00:00","last_seen_appearance":"","questions":"","pet_id":"","gender":"M","country_id":"0","sub_country_id":"0","filename":"http://whospets.com\/images\/product\/133\/0b2e51064456c739bb9181a3f4fa72b9.jpg"},{"product_id":"134","category_id":"38","status":"1","store_id":"13","tax_id":"0","title":"Sarah-2.jpg","description":"Sarah is the sweetest and happiest dog once she has trust in her caretakers. She enjoys the attention of people she knows, including cuddles, and loves walks as well as playing with other dogs. She would do best in a home without young children and with a dog friend as a companion.","descriptionDisplay":"<p>Sarah is the sweetest and happiest dog once she has trust in her caretakers. She enjoys the attention of people she knows, including cuddles, and loves walks as well as playing with other dogs. She would do best in a home without young children and with a dog friend as a companion.<\/p><br \/>","keywords":"","price":"0","language":"","specifications":"","style_code":"","color":"","condition":"0","size":"","quantity":"0","view":"510","created":"2016-07-19 12:26:50","feature_date":"","gallery_date":"","banner_a":"","banner_b":"","banner_c":"","todays_deal":"","discount":"","date_lost":"0000-00-00 00:00:00","date_born":"0000-00-00 00:00:00","sub_category":"1","weight":"","height":"","name_of_pet":"","country":"","contact":"","pet_status":"3","count_down_end_date":"0000-00-00 00:00:00","last_seen_appearance":"","questions":"","pet_id":"","gender":"F","country_id":"0","sub_country_id":"0","filename":"http://whospets.com\/images\/product\/134\/a58b02c0a9e3668020f334910fe21c5f.jpg"},{"product_id":"134","category_id":"38","status":"1","store_id":"13","tax_id":"0","title":"Sarah-2.jpg","description":"Sarah is the sweetest and happiest dog once she has trust in her caretakers. She enjoys the attention of people she knows, including cuddles, and loves walks as well as playing with other dogs. She would do best in a home without young children and with a dog friend as a companion.","descriptionDisplay":"<p>Sarah is the sweetest and happiest dog once she has trust in her caretakers. She enjoys the attention of people she knows, including cuddles, and loves walks as well as playing with other dogs. She would do best in a home without young children and with a dog friend as a companion.<\/p><br \/>","keywords":"","price":"0","language":"","specifications":"","style_code":"","color":"","condition":"0","size":"","quantity":"0","view":"510","created":"2016-07-19 12:26:50","feature_date":"","gallery_date":"","banner_a":"","banner_b":"","banner_c":"","todays_deal":"","discount":"","date_lost":"0000-00-00 00:00:00","date_born":"0000-00-00 00:00:00","sub_category":"1","weight":"","height":"","name_of_pet":"","country":"","contact":"","pet_status":"3","count_down_end_date":"0000-00-00 00:00:00","last_seen_appearance":"","questions":"","pet_id":"","gender":"F","country_id":"0","sub_country_id":"0","filename":"http://whospets.com\/images\/product\/134\/c293a55cf8e81acbe49c3216e94a58a4.jpg"},{"product_id":"135","category_id":"38","status":"1","store_id":"13","tax_id":"0","title":"Kimbo-Siu-Pang-20150307.jpg","description":"Kimbo is a handsome boy. He is very sweet and gets along well with everyone. He is a little bit shy but a very happy doggy who loves to play. He would be wonderful in any family and is waiting for his forever family in Tai Po.","descriptionDisplay":"<p>Kimbo is a handsome boy. He is very sweet and gets along well with everyone. He is a little bit shy but a very happy doggy who loves to play. He would be wonderful in any family and is waiting for his forever family in Tai Po.<\/p><br \/>","keywords":"","price":"0","language":"","specifications":"","style_code":"","color":"","condition":"0","size":"","quantity":"0","view":"483","created":"2016-07-19 12:29:31","feature_date":"","gallery_date":"","banner_a":"","banner_b":"","banner_c":"","todays_deal":"","discount":"","date_lost":"0000-00-00 00:00:00","date_born":"0000-00-00 00:00:00","sub_category":"1","weight":"","height":"","name_of_pet":"","country":"","contact":"","pet_status":"3","count_down_end_date":"0000-00-00 00:00:00","last_seen_appearance":"","questions":"","pet_id":"","gender":"M","country_id":"0","sub_country_id":"0","filename":"http://whospets.com\/images\/product\/135\/cfd3e5dc7f6e1162fc064d7481cb8649.jpg"},{"product_id":"136","category_id":"38","status":"1","store_id":"13","tax_id":"0","title":"Louise-1-Raymond-20140531.jpg","description":"Louise is a wonderful dog who is toilet-trained and responsive the basic commands of  sit and stay. She will be a good companion when she has a leader to live with. Louise has developed into a very happy and outgoing young dog. She is probably best in a home of her own as she can be dominant with ot","descriptionDisplay":"<p>Louise is a wonderful dog who is toilet-trained and responsive the basic commands of  sit and stay. She will be a good companion when she has a leader to live with. Louise has developed into a very happy and outgoing young dog. She is probably best in a home of her own as she can be dominant with ot<\/p><br \/>","keywords":"","price":"0","language":"","specifications":"","style_code":"","color":"","condition":"0","size":"","quantity":"0","view":"488","created":"2016-07-19 12:30:03","feature_date":"","gallery_date":"","banner_a":"","banner_b":"","banner_c":"","todays_deal":"","discount":"","date_lost":"0000-00-00 00:00:00","date_born":"0000-00-00 00:00:00","sub_category":"1","weight":"","height":"","name_of_pet":"","country":"","contact":"","pet_status":"3","count_down_end_date":"0000-00-00 00:00:00","last_seen_appearance":"","questions":"","pet_id":"","gender":"","country_id":"0","sub_country_id":"0","filename":"http://whospets.com\/images\/product\/136\/25be174f484b78c02e2ae9c3b997b708.jpg"},{"product_id":"137","category_id":"38","status":"1","store_id":"13","tax_id":"0","title":"Sean-2-Yanki-20120908-1024x683.jpg","description":"Sean is a calm and lovely sweetheart who is happy to place his trust in someone he feels comfortable with. Come visit him today!","descriptionDisplay":"<p>Sean is a calm and lovely sweetheart who is happy to place his trust in someone he feels comfortable with. Come visit him today!<\/p><br \/>","keywords":"","price":"0","language":"","specifications":"","style_code":"","color":"","condition":"0","size":"","quantity":"0","view":"521","created":"2016-07-19 12:30:44","feature_date":"","gallery_date":"","banner_a":"","banner_b":"","banner_c":"","todays_deal":"","discount":"","date_lost":"0000-00-00 00:00:00","date_born":"0000-00-00 00:00:00","sub_category":"1","weight":"","height":"","name_of_pet":"","country":"","contact":"","pet_status":"3","count_down_end_date":"0000-00-00 00:00:00","last_seen_appearance":"","questions":"","pet_id":"","gender":"M","country_id":"0","sub_country_id":"0","filename":"http://whospets.com\/images\/product\/137\/e2aa420f1d56995b70de49785f2464af.jpg"},{"product_id":"138","category_id":"38","status":"1","store_id":"13","tax_id":"0","title":"Leila-1-Andy-Mak-20151009.jpg","description":"Leila is a sweet girl who was picked up as a stray by AFCD, but has clearly been someone\u2019s pet as she is so friendly and loving to everyone.","descriptionDisplay":"<p>Leila is a sweet girl who was picked up as a stray by AFCD, but has clearly been someone\u2019s pet as she is so friendly and loving to everyone.<\/p><br \/>","keywords":"","price":"0","language":"","specifications":"","style_code":"","color":"","condition":"0","size":"","quantity":"0","view":"477","created":"2016-07-19 12:31:26","feature_date":"","gallery_date":"","banner_a":"","banner_b":"","banner_c":"","todays_deal":"","discount":"","date_lost":"0000-00-00 00:00:00","date_born":"0000-00-00 00:00:00","sub_category":"1","weight":"","height":"","name_of_pet":"","country":"","contact":"","pet_status":"3","count_down_end_date":"0000-00-00 00:00:00","last_seen_appearance":"","questions":"","pet_id":"","gender":"F","country_id":"0","sub_country_id":"0","filename":"http://whospets.com\/images\/product\/138\/0f58cfbaef28e2cd588ade388f7e8fe8.jpg"},{"product_id":"139","category_id":"38","status":"1","store_id":"13","tax_id":"0","title":"Lancelot-1.jpg","description":"Brother to sweet Guinevere, Lancelot is a truly delightful boy (actually, both are exceptionally sweet natured). He has settled in quickly with his easygoing and calm nature. Lancelot is extremely gentle and intelligent. He would make a great family pet and even ready for advanced training! He is th","descriptionDisplay":"<p>Brother to sweet Guinevere, Lancelot is a truly delightful boy (actually, both are exceptionally sweet natured). He has settled in quickly with his easygoing and calm nature. Lancelot is extremely gentle and intelligent. He would make a great family pet and even ready for advanced training! He is th<\/p><br \/>","keywords":"","price":"0","language":"","specifications":"","style_code":"","color":"","condition":"0","size":"","quantity":"0","view":"608","created":"2016-07-19 12:32:22","feature_date":"","gallery_date":"","banner_a":"","banner_b":"","banner_c":"","todays_deal":"","discount":"","date_lost":"0000-00-00 00:00:00","date_born":"0000-00-00 00:00:00","sub_category":"1","weight":"","height":"","name_of_pet":"","country":"","contact":"","pet_status":"3","count_down_end_date":"0000-00-00 00:00:00","last_seen_appearance":"","questions":"","pet_id":"","gender":"M","country_id":"0","sub_country_id":"0","filename":"http://whospets.com\/images\/product\/139\/8f1c0fce28e88497bbece3b1f04a2a57.jpg"},{"product_id":"140","category_id":"38","status":"1","store_id":"13","tax_id":"0","title":"Timmie-William-Chan-2-1024x678.jpg","description":"Timmie is a real sweetheart of a dog, tall and slender with a loving personality. He reminds everyone here of ex-HKDR dog, Monty. We hope to find Timmie a similarly great home as Monty\u2019s.","descriptionDisplay":"<p>Timmie is a real sweetheart of a dog, tall and slender with a loving personality. He reminds everyone here of ex-HKDR dog, Monty. We hope to find Timmie a similarly great home as Monty\u2019s.<\/p><br \/>","keywords":"","price":"0","language":"","specifications":"","style_code":"","color":"","condition":"0","size":"","quantity":"0","view":"411","created":"2016-07-19 12:33:05","feature_date":"","gallery_date":"","banner_a":"","banner_b":"","banner_c":"","todays_deal":"","discount":"","date_lost":"0000-00-00 00:00:00","date_born":"0000-00-00 00:00:00","sub_category":"1","weight":"","height":"","name_of_pet":"","country":"","contact":"","pet_status":"3","count_down_end_date":"0000-00-00 00:00:00","last_seen_appearance":"","questions":"","pet_id":"","gender":"M","country_id":"0","sub_country_id":"0","filename":"http://whospets.com\/images\/product\/140\/ef377e062b4735c34fedbd49edbf118f.jpg"},{"product_id":"141","category_id":"38","status":"1","store_id":"13","tax_id":"0","title":"Joe.jpg","description":"Joe is a kind and gentle boy that plays well with other dogs. He loves going on walks and would make a great family pet.","descriptionDisplay":"<p>Joe is a kind and gentle boy that plays well with other dogs. He loves going on walks and would make a great family pet.<\/p><br \/>","keywords":"","price":"0","language":"","specifications":"","style_code":"","color":"","condition":"0","size":"","quantity":"0","view":"469","created":"2016-07-19 12:33:41","feature_date":"","gallery_date":"","banner_a":"","banner_b":"","banner_c":"","todays_deal":"","discount":"","date_lost":"0000-00-00 00:00:00","date_born":"0000-00-00 00:00:00","sub_category":"1","weight":"","height":"","name_of_pet":"","country":"","contact":"","pet_status":"3","count_down_end_date":"0000-00-00 00:00:00","last_seen_appearance":"","questions":"","pet_id":"","gender":"M","country_id":"0","sub_country_id":"0","filename":"http://whospets.com\/images\/product\/141\/eafabaaff7a24ad7541d6b6fa8d8099a.jpg"},{"product_id":"142","category_id":"38","status":"1","store_id":"13","tax_id":"0","title":"Doc.jpg","description":"Doc is a handsome and sweet young boy. He looks just like his sister Dopey but an all black version. Doc has a lot of confidence and is outgoing with people and other dogs. He is a fast learner and loves to play, but is also generally gentle and calm. He would be suited for any family environment (w","descriptionDisplay":"<p>Doc is a handsome and sweet young boy. He looks just like his sister Dopey but an all black version. Doc has a lot of confidence and is outgoing with people and other dogs. He is a fast learner and loves to play, but is also generally gentle and calm. He would be suited for any family environment (w<\/p><br \/>","keywords":"","price":"0","language":"","specifications":"","style_code":"","color":"","condition":"0","size":"","quantity":"0","view":"491","created":"2016-07-19 12:34:26","feature_date":"","gallery_date":"","banner_a":"","banner_b":"","banner_c":"","todays_deal":"","discount":"","date_lost":"0000-00-00 00:00:00","date_born":"0000-00-00 00:00:00","sub_category":"1","weight":"","height":"","name_of_pet":"","country":"","contact":"","pet_status":"3","count_down_end_date":"0000-00-00 00:00:00","last_seen_appearance":"","questions":"","pet_id":"","gender":"","country_id":"0","sub_country_id":"0","filename":"http://whospets.com\/images\/product\/142\/f861785a0cb39f9018baeee54e3f1988.jpg"},{"product_id":"143","category_id":"38","status":"1","store_id":"13","tax_id":"0","title":"Chance.jpg","description":"Chance only has 3 legs and came to us from AFCD like that.  He is a lovely dog, charming and very sweet-natured.  He gets on well with people and other dogs and never considers himself to be handicapped in any way.","descriptionDisplay":"<p>Chance only has 3 legs and came to us from AFCD like that.  He is a lovely dog, charming and very sweet-natured.  He gets on well with people and other dogs and never considers himself to be handicapped in any way.<\/p><br \/>","keywords":"","price":"0","language":"","specifications":"","style_code":"","color":"","condition":"0","size":"","quantity":"0","view":"498","created":"2016-07-19 12:35:24","feature_date":"","gallery_date":"","banner_a":"","banner_b":"","banner_c":"","todays_deal":"","discount":"","date_lost":"0000-00-00 00:00:00","date_born":"0000-00-00 00:00:00","sub_category":"1","weight":"","height":"","name_of_pet":"","country":"","contact":"","pet_status":"3","count_down_end_date":"0000-00-00 00:00:00","last_seen_appearance":"","questions":"","pet_id":"","gender":"","country_id":"0","sub_country_id":"0","filename":"http://whospets.com\/images\/product\/143\/512ad260494e5db735ffd70fa1eb1d01.jpg"},{"product_id":"144","category_id":"38","status":"1","store_id":"13","tax_id":"0","title":"Snow-18-Siu-Pang-20150627.jpg","description":"Snow is very sweet and happy girl. Like a typical husky she can be very vocal and loves to \u201cchat\u201d when she sees people. Snow enjoys being with other dogs, but especially loves people. She is very affectionate and likes to walk close to you when outside. Snow has had a tough time and deserves a bette","descriptionDisplay":"<p>Snow is very sweet and happy girl. Like a typical husky she can be very vocal and loves to \u201cchat\u201d when she sees people. Snow enjoys being with other dogs, but especially loves people. She is very affectionate and likes to walk close to you when outside. Snow has had a tough time and deserves a bette<\/p><br \/>","keywords":"","price":"0","language":"","specifications":"","style_code":"","color":"","condition":"0","size":"","quantity":"0","view":"468","created":"2016-07-19 12:36:35","feature_date":"","gallery_date":"","banner_a":"","banner_b":"","banner_c":"","todays_deal":"","discount":"","date_lost":"0000-00-00 00:00:00","date_born":"0000-00-00 00:00:00","sub_category":"1","weight":"","height":"","name_of_pet":"","country":"","contact":"","pet_status":"3","count_down_end_date":"0000-00-00 00:00:00","last_seen_appearance":"","questions":"","pet_id":"","gender":"F","country_id":"0","sub_country_id":"0","filename":"http://whospets.com\/images\/product\/144\/0507fcdde48aedfdd98b2559310de708.jpg"},{"product_id":"145","category_id":"38","status":"1","store_id":"13","tax_id":"0","title":"Lita1-Raymond-20150104-1024x683.jpg","description":"Lita and her almost identical sister, Darka (adopted), were given these names so we could identify them as one is lighter than the other (darker). She has been grown up to be a  very beautiful doggy with happy and friendly personalities. ","descriptionDisplay":"<p>Lita and her almost identical sister, Darka (adopted), were given these names so we could identify them as one is lighter than the other (darker). She has been grown up to be a  very beautiful doggy with happy and friendly personalities.<\/p><br \/>","keywords":"","price":"0","language":"","specifications":"","style_code":"","color":"","condition":"0","size":"","quantity":"0","view":"547","created":"2016-07-19 12:37:14","feature_date":"","gallery_date":"","banner_a":"","banner_b":"","banner_c":"","todays_deal":"","discount":"","date_lost":"0000-00-00 00:00:00","date_born":"0000-00-00 00:00:00","sub_category":"1","weight":"","height":"","name_of_pet":"","country":"","contact":"","pet_status":"3","count_down_end_date":"0000-00-00 00:00:00","last_seen_appearance":"","questions":"","pet_id":"","gender":"F","country_id":"0","sub_country_id":"0","filename":"http://whospets.com\/images\/product\/145\/5bcbdcecf138c22a2085005c5204edf3.jpg"},{"product_id":"146","category_id":"38","status":"1","store_id":"13","tax_id":"0","title":"Tomlin.jpg","description":"Tomlin is a lovely medium-sized adult dog. He can be quite cheeky at the kennels, but Tomlin has been attending training classes here at HKDR and has already learnt Sit, Wait, Stay and Down. If you can give this loving dog a great home, please come down to Tai Po Homing Centre to meet him.","descriptionDisplay":"<p>Tomlin is a lovely medium-sized adult dog. He can be quite cheeky at the kennels, but Tomlin has been attending training classes here at HKDR and has already learnt Sit, Wait, Stay and Down. If you can give this loving dog a great home, please come down to Tai Po Homing Centre to meet him.<\/p><br \/>","keywords":"","price":"0","language":"","specifications":"","style_code":"","color":"","condition":"0","size":"","quantity":"0","view":"435","created":"2016-07-19 12:38:02","feature_date":"","gallery_date":"","banner_a":"","banner_b":"","banner_c":"","todays_deal":"","discount":"","date_lost":"0000-00-00 00:00:00","date_born":"0000-00-00 00:00:00","sub_category":"1","weight":"","height":"","name_of_pet":"","country":"","contact":"","pet_status":"3","count_down_end_date":"0000-00-00 00:00:00","last_seen_appearance":"","questions":"","pet_id":"","gender":"M","country_id":"0","sub_country_id":"0","filename":"http://whospets.com\/images\/product\/146\/b3f305b0fd076e946c038a7e92328059.jpg"},{"product_id":"176","category_id":"0","status":"1","store_id":"61","tax_id":"0","title":"1475488076982..jpg","description":"","descriptionDisplay":"<br \/>","keywords":"","price":"","language":"","specifications":"","style_code":"","color":"","condition":"","size":"","quantity":"0","view":"424","created":"2016-10-03 17:49:11","feature_date":"","gallery_date":"","banner_a":"","banner_b":"","banner_c":"","todays_deal":"","discount":"","date_lost":"0000-00-00 00:00:00","date_born":"0000-00-00 00:00:00","sub_category":"","weight":"","height":"","name_of_pet":"","country":"","contact":"","pet_status":"3","count_down_end_date":"0000-00-00 00:00:00","last_seen_appearance":"","questions":"","pet_id":"","gender":"F","country_id":"1","sub_country_id":"301","filename":"http://whospets.com\/images\/product\/176\/c0a15924a198b771f5769f00624afd45.jpg"},{"product_id":"176","category_id":"0","status":"1","store_id":"61","tax_id":"0","title":"1475488052606..jpg","description":"","descriptionDisplay":"<br \/>","keywords":"","price":"","language":"","specifications":"","style_code":"","color":"","condition":"","size":"","quantity":"0","view":"424","created":"2016-10-03 17:49:11","feature_date":"","gallery_date":"","banner_a":"","banner_b":"","banner_c":"","todays_deal":"","discount":"","date_lost":"0000-00-00 00:00:00","date_born":"0000-00-00 00:00:00","sub_category":"","weight":"","height":"","name_of_pet":"","country":"","contact":"","pet_status":"3","count_down_end_date":"0000-00-00 00:00:00","last_seen_appearance":"","questions":"","pet_id":"","gender":"F","country_id":"1","sub_country_id":"301","filename":"http://whospets.com\/images\/product\/176\/8a1b790a4960bc457b6cb5310de9be94.jpg"},{"product_id":"199","category_id":"0","status":"1","store_id":"13","tax_id":"0","title":"14671252_896596443810048_1105732946558658302_n.jpg","description":"\u6709\u578b\u53c8\u7279\u5225\u7684\u5c0f\u4e01\u5c0b\u5bb6","descriptionDisplay":"<p>\u6709\u578b\u53c8\u7279\u5225\u7684\u5c0f\u4e01\u5c0b\u5bb6<\/p><br \/>","keywords":"","price":"","language":"","specifications":"","style_code":"","color":"","condition":"","size":"\u4e2d","quantity":"0","view":"500","created":"2016-10-24 23:04:15","feature_date":"","gallery_date":"","banner_a":"","banner_b":"","banner_c":"","todays_deal":"","discount":"","date_lost":"0000-00-00 00:00:00","date_born":"0000-00-00 00:00:00","sub_category":"","weight":"","height":"","name_of_pet":"","country":"","contact":"98641089","pet_status":"3","count_down_end_date":"0000-00-00 00:00:00","last_seen_appearance":"\u5e0c\u671b\u53ef\u4ee5\u6bd4\u6211\u4e00\u500b\u5b89\u5168\u6eab\u6696\u5605\u5c4b\u4f01\uff0c\u5514\u4f7f\u518d\u65e5\u66ec\u96e8\u6dcb\uff0c\u5b89\u5b89\u7a69\u7a69\u5481\u904e\u751f\u6d3b\u3002\u4f46\u4fc2\u6211\u6027\u683c\u6bd4\u8f03\u6015\u7f9e\u6162\u71b1\uff0c\u4f46\u5167\u5fc3\u90fd\u662f\u5584\u826f","questions":"","pet_id":"","gender":"M","country_id":"0","sub_country_id":"0","filename":"http://whospets.com\/images\/product\/199\/9ad1c478ad39a65436e035b712ae11f3.jpg"},{"product_id":"199","category_id":"0","status":"1","store_id":"13","tax_id":"0","title":"14671252_896596443810048_1105732946558658302_n.jpg","description":"\u6709\u578b\u53c8\u7279\u5225\u7684\u5c0f\u4e01\u5c0b\u5bb6","descriptionDisplay":"<p>\u6709\u578b\u53c8\u7279\u5225\u7684\u5c0f\u4e01\u5c0b\u5bb6<\/p><br \/>","keywords":"","price":"","language":"","specifications":"","style_code":"","color":"","condition":"","size":"\u4e2d","quantity":"0","view":"500","created":"2016-10-24 23:04:15","feature_date":"","gallery_date":"","banner_a":"","banner_b":"","banner_c":"","todays_deal":"","discount":"","date_lost":"0000-00-00 00:00:00","date_born":"0000-00-00 00:00:00","sub_category":"","weight":"","height":"","name_of_pet":"","country":"","contact":"98641089","pet_status":"3","count_down_end_date":"0000-00-00 00:00:00","last_seen_appearance":"\u5e0c\u671b\u53ef\u4ee5\u6bd4\u6211\u4e00\u500b\u5b89\u5168\u6eab\u6696\u5605\u5c4b\u4f01\uff0c\u5514\u4f7f\u518d\u65e5\u66ec\u96e8\u6dcb\uff0c\u5b89\u5b89\u7a69\u7a69\u5481\u904e\u751f\u6d3b\u3002\u4f46\u4fc2\u6211\u6027\u683c\u6bd4\u8f03\u6015\u7f9e\u6162\u71b1\uff0c\u4f46\u5167\u5fc3\u90fd\u662f\u5584\u826f","questions":"","pet_id":"","gender":"M","country_id":"0","sub_country_id":"0","filename":"http://whospets.com\/images\/product\/199\/a69c1b3bb38cf292e441ac8c9676b40a.jpg"},{"product_id":"199","category_id":"0","status":"1","store_id":"13","tax_id":"0","title":"14671252_896596443810048_1105732946558658302_n.jpg","description":"\u6709\u578b\u53c8\u7279\u5225\u7684\u5c0f\u4e01\u5c0b\u5bb6","descriptionDisplay":"<p>\u6709\u578b\u53c8\u7279\u5225\u7684\u5c0f\u4e01\u5c0b\u5bb6<\/p><br \/>","keywords":"","price":"","language":"","specifications":"","style_code":"","color":"","condition":"","size":"\u4e2d","quantity":"0","view":"500","created":"2016-10-24 23:04:15","feature_date":"","gallery_date":"","banner_a":"","banner_b":"","banner_c":"","todays_deal":"","discount":"","date_lost":"0000-00-00 00:00:00","date_born":"0000-00-00 00:00:00","sub_category":"","weight":"","height":"","name_of_pet":"","country":"","contact":"98641089","pet_status":"3","count_down_end_date":"0000-00-00 00:00:00","last_seen_appearance":"\u5e0c\u671b\u53ef\u4ee5\u6bd4\u6211\u4e00\u500b\u5b89\u5168\u6eab\u6696\u5605\u5c4b\u4f01\uff0c\u5514\u4f7f\u518d\u65e5\u66ec\u96e8\u6dcb\uff0c\u5b89\u5b89\u7a69\u7a69\u5481\u904e\u751f\u6d3b\u3002\u4f46\u4fc2\u6211\u6027\u683c\u6bd4\u8f03\u6015\u7f9e\u6162\u71b1\uff0c\u4f46\u5167\u5fc3\u90fd\u662f\u5584\u826f","questions":"","pet_id":"","gender":"M","country_id":"0","sub_country_id":"0","filename":"http://whospets.com\/images\/product\/199\/81b18365256e344edf830557e3d4f7bd.jpg"},{"product_id":"200","category_id":"0","status":"1","store_id":"13","tax_id":"0","title":"14656319_10154363682089457_6825855481903176511_n.jpg","description":"\uff3b\u723d\u723d\uff3d\u5df2\u7d93\u88ab\u6211\u670b\u53cb\u7684\u696d\u4e3b\u767c\u73fe\uff0c\u52d2\u4ee4\uff3b\u723d\u723d\uff3d\u8981\u76e1\u5feb\u96e2\u958b\u3002\r\n","descriptionDisplay":"<p>\uff3b\u723d\u723d\uff3d\u5df2\u7d93\u88ab\u6211\u670b\u53cb\u7684\u696d\u4e3b\u767c\u73fe\uff0c\u52d2\u4ee4\uff3b\u723d\u723d\uff3d\u8981\u76e1\u5feb\u96e2\u958b\u3002<\/p><br \/>","keywords":"","price":"","language":"","specifications":"","style_code":"","color":"","condition":"","size":"","quantity":"0","view":"10756","created":"2016-10-24 23:17:34","feature_date":"","gallery_date":"","banner_a":"","banner_b":"","banner_c":"","todays_deal":"","discount":"","date_lost":"0000-00-00 00:00:00","date_born":"0000-00-00 00:00:00","sub_category":"","weight":"","height":"","name_of_pet":"","country":"","contact":"97535346","pet_status":"3","count_down_end_date":"0000-00-00 00:00:00","last_seen_appearance":"\r\n\u82e5\u6709\u4efb\u4f55\u5584\u4eba\uff0c\u53ef\u4ee5\u7d66\u4e88\u5e6b\u5fd9\u6216\u5efa\u8b70\uff0c\u7169\u8acbwhatsapp\uff0f\u96fb\u6211\u3002\u8b1d\u8b1d\u3002\r\nDick Yuen\r\n97535346","questions":"","pet_id":"","gender":"","country_id":"0","sub_country_id":"0","filename":"http://whospets.com\/images\/product\/200\/740dd156108ef9d31c318c7977d6f643.jpg"},{"product_id":"204","category_id":"0","status":"1","store_id":"74","tax_id":"0","title":"WhatsApp Image 2016-11-03 at 11.55.42 (1).jpeg","description":"\u26a0\ufe0f\u6c42\u9818\u990a\u26a0\ufe0f\r\n3\u96bb\u53ef\u611b\u7684\u5510\u72d7BB\r\nWu Lung : \u7537\u4ed4\r\nWu Ying: \u7537\u4ed4\r\nWu Tau : \u7537\u4ed4\r\n9 \u96bbBB\u7576\u4e2d\u6709\u90e8\u4efd\u5df2\u51fa\u9818\u990a\uff0c \u4ef2\u67093\u4f4d\u5c0f BB\u9700\u8981\u611b\u5fc3\u9818\u990a\u3002\u6d41\u6d6a\u5df2\u7d93\u597d\u75db\u82e6\uff0c \u4ef2\u8981\u5481\u7d30\u500bBB , \u8ddf\u4f4f\u5abd\u5abd\u3002 \u597d\u591a\u90fd\u6371\u5514\u5927\u5df2\u7d93\u53bb\u5de6\u5f69\u8679\u6a4b\uff0c\u5abd\u5abd\u90fd\u98df\u5514\u98fd\u3002 \u4f55\u6cc1BB\u5462\uff1f \u54e9\u5e7e\u500bBB\u6709\u7de3\u9047\u5230\u7fa9\u5de5\uff0c\u6211\u5730\u90fd\u5e0c\u671b\u53ef\u4ee5\u5e6b\u4f62\u5730\u5c0b\u5bb6\uff0c \u5514\u9700\u8981\u597d\u4f3c\u7238\u7238\u5abd\u5abd\u5481\u4e00\u76f4\u6d41\u6d6a\uff0c \u4e00\u76f4\u751fBB, \u7121\u76e1\u65e2\u75db\u82e6\uff01\r\n\u5168\u90e8\u525b\u597d\u6eff1\u500b\u6708\u5927\uff0c \u5df2\u6eff\u9694\u96e2\u671f...\u4ecd\u7136\u672a\u6253\u91dd\uff0c \uff08\u9808\u8db36\u661f\u671f\u65b9\u6253\u91dd\uff09\u672a\u7d55\u80b2\uff0c \u9700\u8981\u5bb6\u8a2a\uff01\r\n\u9818\u990a\u4eba\u5fc5\u9700\u5e74\u6eff18 \u6b72\u3002\u6709\u610f\u9818\u990a\uff0c \u9ebb\u7169whatapp\/ \u96fb\u8a71\uff1a \u4e01\u5c0f\u59d060800201","descriptionDisplay":"<p>\u26a0\ufe0f\u6c42\u9818\u990a\u26a0\ufe0f<br \/>3\u96bb\u53ef\u611b\u7684\u5510\u72d7BB<br \/>Wu Lung : \u7537\u4ed4<br \/>Wu Ying: \u7537\u4ed4<br \/>Wu Tau : \u7537\u4ed4<br \/>9 \u96bbBB\u7576\u4e2d\u6709\u90e8\u4efd\u5df2\u51fa\u9818\u990a\uff0c \u4ef2\u67093\u4f4d\u5c0f BB\u9700\u8981\u611b\u5fc3\u9818\u990a\u3002\u6d41\u6d6a\u5df2\u7d93\u597d\u75db\u82e6\uff0c \u4ef2\u8981\u5481\u7d30\u500bBB , \u8ddf\u4f4f\u5abd\u5abd\u3002 \u597d\u591a\u90fd\u6371\u5514\u5927\u5df2\u7d93\u53bb\u5de6\u5f69\u8679\u6a4b\uff0c\u5abd\u5abd\u90fd\u98df\u5514\u98fd\u3002 \u4f55\u6cc1BB\u5462\uff1f \u54e9\u5e7e\u500bBB\u6709\u7de3\u9047\u5230\u7fa9\u5de5\uff0c\u6211\u5730\u90fd\u5e0c\u671b\u53ef\u4ee5\u5e6b\u4f62\u5730\u5c0b\u5bb6\uff0c \u5514\u9700\u8981\u597d\u4f3c\u7238\u7238\u5abd\u5abd\u5481\u4e00\u76f4\u6d41\u6d6a\uff0c \u4e00\u76f4\u751fBB, \u7121\u76e1\u65e2\u75db\u82e6\uff01<br \/>\u5168\u90e8\u525b\u597d\u6eff1\u500b\u6708\u5927\uff0c \u5df2\u6eff\u9694\u96e2\u671f...\u4ecd\u7136\u672a\u6253\u91dd\uff0c \uff08\u9808\u8db36\u661f\u671f\u65b9\u6253\u91dd\uff09\u672a\u7d55\u80b2\uff0c \u9700\u8981\u5bb6\u8a2a\uff01<br \/>\u9818\u990a\u4eba\u5fc5\u9700\u5e74\u6eff18 \u6b72\u3002\u6709\u610f\u9818\u990a\uff0c \u9ebb\u7169whatapp\/ \u96fb\u8a71\uff1a \u4e01\u5c0f\u59d060800201<\/p><br \/>","keywords":"","price":"","language":"","specifications":"","style_code":"","color":"Brown","condition":"","size":"","quantity":"0","view":"1574","created":"2016-11-03 12:16:45","feature_date":"","gallery_date":"","banner_a":"","banner_b":"","banner_c":"","todays_deal":"","discount":"","date_lost":"0000-00-00 00:00:00","date_born":"2016-10-01 00:00:00","sub_category":"","weight":"","height":"","name_of_pet":"\u4e01\u5c0f\u59d0","country":"","contact":"60800201","pet_status":"3","count_down_end_date":"0000-00-00 00:00:00","last_seen_appearance":"","questions":"","pet_id":"","gender":"M","country_id":"1","sub_country_id":"0","filename":"http://whospets.com\/images\/product\/204\/2cbccfde5605cf847b36bb3cffc73e54.jpeg"},{"product_id":"204","category_id":"0","status":"1","store_id":"74","tax_id":"0","title":"WhatsApp Image 2016-11-03 at 12.01.10.jpeg","description":"\u26a0\ufe0f\u6c42\u9818\u990a\u26a0\ufe0f\r\n3\u96bb\u53ef\u611b\u7684\u5510\u72d7BB\r\nWu Lung : \u7537\u4ed4\r\nWu Ying: \u7537\u4ed4\r\nWu Tau : \u7537\u4ed4\r\n9 \u96bbBB\u7576\u4e2d\u6709\u90e8\u4efd\u5df2\u51fa\u9818\u990a\uff0c \u4ef2\u67093\u4f4d\u5c0f BB\u9700\u8981\u611b\u5fc3\u9818\u990a\u3002\u6d41\u6d6a\u5df2\u7d93\u597d\u75db\u82e6\uff0c \u4ef2\u8981\u5481\u7d30\u500bBB , \u8ddf\u4f4f\u5abd\u5abd\u3002 \u597d\u591a\u90fd\u6371\u5514\u5927\u5df2\u7d93\u53bb\u5de6\u5f69\u8679\u6a4b\uff0c\u5abd\u5abd\u90fd\u98df\u5514\u98fd\u3002 \u4f55\u6cc1BB\u5462\uff1f \u54e9\u5e7e\u500bBB\u6709\u7de3\u9047\u5230\u7fa9\u5de5\uff0c\u6211\u5730\u90fd\u5e0c\u671b\u53ef\u4ee5\u5e6b\u4f62\u5730\u5c0b\u5bb6\uff0c \u5514\u9700\u8981\u597d\u4f3c\u7238\u7238\u5abd\u5abd\u5481\u4e00\u76f4\u6d41\u6d6a\uff0c \u4e00\u76f4\u751fBB, \u7121\u76e1\u65e2\u75db\u82e6\uff01\r\n\u5168\u90e8\u525b\u597d\u6eff1\u500b\u6708\u5927\uff0c \u5df2\u6eff\u9694\u96e2\u671f...\u4ecd\u7136\u672a\u6253\u91dd\uff0c \uff08\u9808\u8db36\u661f\u671f\u65b9\u6253\u91dd\uff09\u672a\u7d55\u80b2\uff0c \u9700\u8981\u5bb6\u8a2a\uff01\r\n\u9818\u990a\u4eba\u5fc5\u9700\u5e74\u6eff18 \u6b72\u3002\u6709\u610f\u9818\u990a\uff0c \u9ebb\u7169whatapp\/ \u96fb\u8a71\uff1a \u4e01\u5c0f\u59d060800201","descriptionDisplay":"<p>\u26a0\ufe0f\u6c42\u9818\u990a\u26a0\ufe0f<br \/>3\u96bb\u53ef\u611b\u7684\u5510\u72d7BB<br \/>Wu Lung : \u7537\u4ed4<br \/>Wu Ying: \u7537\u4ed4<br \/>Wu Tau : \u7537\u4ed4<br \/>9 \u96bbBB\u7576\u4e2d\u6709\u90e8\u4efd\u5df2\u51fa\u9818\u990a\uff0c \u4ef2\u67093\u4f4d\u5c0f BB\u9700\u8981\u611b\u5fc3\u9818\u990a\u3002\u6d41\u6d6a\u5df2\u7d93\u597d\u75db\u82e6\uff0c \u4ef2\u8981\u5481\u7d30\u500bBB , \u8ddf\u4f4f\u5abd\u5abd\u3002 \u597d\u591a\u90fd\u6371\u5514\u5927\u5df2\u7d93\u53bb\u5de6\u5f69\u8679\u6a4b\uff0c\u5abd\u5abd\u90fd\u98df\u5514\u98fd\u3002 \u4f55\u6cc1BB\u5462\uff1f \u54e9\u5e7e\u500bBB\u6709\u7de3\u9047\u5230\u7fa9\u5de5\uff0c\u6211\u5730\u90fd\u5e0c\u671b\u53ef\u4ee5\u5e6b\u4f62\u5730\u5c0b\u5bb6\uff0c \u5514\u9700\u8981\u597d\u4f3c\u7238\u7238\u5abd\u5abd\u5481\u4e00\u76f4\u6d41\u6d6a\uff0c \u4e00\u76f4\u751fBB, \u7121\u76e1\u65e2\u75db\u82e6\uff01<br \/>\u5168\u90e8\u525b\u597d\u6eff1\u500b\u6708\u5927\uff0c \u5df2\u6eff\u9694\u96e2\u671f...\u4ecd\u7136\u672a\u6253\u91dd\uff0c \uff08\u9808\u8db36\u661f\u671f\u65b9\u6253\u91dd\uff09\u672a\u7d55\u80b2\uff0c \u9700\u8981\u5bb6\u8a2a\uff01<br \/>\u9818\u990a\u4eba\u5fc5\u9700\u5e74\u6eff18 \u6b72\u3002\u6709\u610f\u9818\u990a\uff0c \u9ebb\u7169whatapp\/ \u96fb\u8a71\uff1a \u4e01\u5c0f\u59d060800201<\/p><br \/>","keywords":"","price":"","language":"","specifications":"","style_code":"","color":"Brown","condition":"","size":"","quantity":"0","view":"1574","created":"2016-11-03 12:16:45","feature_date":"","gallery_date":"","banner_a":"","banner_b":"","banner_c":"","todays_deal":"","discount":"","date_lost":"0000-00-00 00:00:00","date_born":"2016-10-01 00:00:00","sub_category":"","weight":"","height":"","name_of_pet":"\u4e01\u5c0f\u59d0","country":"","contact":"60800201","pet_status":"3","count_down_end_date":"0000-00-00 00:00:00","last_seen_appearance":"","questions":"","pet_id":"","gender":"M","country_id":"1","sub_country_id":"0","filename":"http://whospets.com\/images\/product\/204\/39ea83cc10098256ad6af377e71fa624.jpeg"},{"product_id":"204","category_id":"0","status":"1","store_id":"74","tax_id":"0","title":"WhatsApp Image 2016-11-03 at 11.55.41.jpeg","description":"\u26a0\ufe0f\u6c42\u9818\u990a\u26a0\ufe0f\r\n3\u96bb\u53ef\u611b\u7684\u5510\u72d7BB\r\nWu Lung : \u7537\u4ed4\r\nWu Ying: \u7537\u4ed4\r\nWu Tau : \u7537\u4ed4\r\n9 \u96bbBB\u7576\u4e2d\u6709\u90e8\u4efd\u5df2\u51fa\u9818\u990a\uff0c \u4ef2\u67093\u4f4d\u5c0f BB\u9700\u8981\u611b\u5fc3\u9818\u990a\u3002\u6d41\u6d6a\u5df2\u7d93\u597d\u75db\u82e6\uff0c \u4ef2\u8981\u5481\u7d30\u500bBB , \u8ddf\u4f4f\u5abd\u5abd\u3002 \u597d\u591a\u90fd\u6371\u5514\u5927\u5df2\u7d93\u53bb\u5de6\u5f69\u8679\u6a4b\uff0c\u5abd\u5abd\u90fd\u98df\u5514\u98fd\u3002 \u4f55\u6cc1BB\u5462\uff1f \u54e9\u5e7e\u500bBB\u6709\u7de3\u9047\u5230\u7fa9\u5de5\uff0c\u6211\u5730\u90fd\u5e0c\u671b\u53ef\u4ee5\u5e6b\u4f62\u5730\u5c0b\u5bb6\uff0c \u5514\u9700\u8981\u597d\u4f3c\u7238\u7238\u5abd\u5abd\u5481\u4e00\u76f4\u6d41\u6d6a\uff0c \u4e00\u76f4\u751fBB, \u7121\u76e1\u65e2\u75db\u82e6\uff01\r\n\u5168\u90e8\u525b\u597d\u6eff1\u500b\u6708\u5927\uff0c \u5df2\u6eff\u9694\u96e2\u671f...\u4ecd\u7136\u672a\u6253\u91dd\uff0c \uff08\u9808\u8db36\u661f\u671f\u65b9\u6253\u91dd\uff09\u672a\u7d55\u80b2\uff0c \u9700\u8981\u5bb6\u8a2a\uff01\r\n\u9818\u990a\u4eba\u5fc5\u9700\u5e74\u6eff18 \u6b72\u3002\u6709\u610f\u9818\u990a\uff0c \u9ebb\u7169whatapp\/ \u96fb\u8a71\uff1a \u4e01\u5c0f\u59d060800201","descriptionDisplay":"<p>\u26a0\ufe0f\u6c42\u9818\u990a\u26a0\ufe0f<br \/>3\u96bb\u53ef\u611b\u7684\u5510\u72d7BB<br \/>Wu Lung : \u7537\u4ed4<br \/>Wu Ying: \u7537\u4ed4<br \/>Wu Tau : \u7537\u4ed4<br \/>9 \u96bbBB\u7576\u4e2d\u6709\u90e8\u4efd\u5df2\u51fa\u9818\u990a\uff0c \u4ef2\u67093\u4f4d\u5c0f BB\u9700\u8981\u611b\u5fc3\u9818\u990a\u3002\u6d41\u6d6a\u5df2\u7d93\u597d\u75db\u82e6\uff0c \u4ef2\u8981\u5481\u7d30\u500bBB , \u8ddf\u4f4f\u5abd\u5abd\u3002 \u597d\u591a\u90fd\u6371\u5514\u5927\u5df2\u7d93\u53bb\u5de6\u5f69\u8679\u6a4b\uff0c\u5abd\u5abd\u90fd\u98df\u5514\u98fd\u3002 \u4f55\u6cc1BB\u5462\uff1f \u54e9\u5e7e\u500bBB\u6709\u7de3\u9047\u5230\u7fa9\u5de5\uff0c\u6211\u5730\u90fd\u5e0c\u671b\u53ef\u4ee5\u5e6b\u4f62\u5730\u5c0b\u5bb6\uff0c \u5514\u9700\u8981\u597d\u4f3c\u7238\u7238\u5abd\u5abd\u5481\u4e00\u76f4\u6d41\u6d6a\uff0c \u4e00\u76f4\u751fBB, \u7121\u76e1\u65e2\u75db\u82e6\uff01<br \/>\u5168\u90e8\u525b\u597d\u6eff1\u500b\u6708\u5927\uff0c \u5df2\u6eff\u9694\u96e2\u671f...\u4ecd\u7136\u672a\u6253\u91dd\uff0c \uff08\u9808\u8db36\u661f\u671f\u65b9\u6253\u91dd\uff09\u672a\u7d55\u80b2\uff0c \u9700\u8981\u5bb6\u8a2a\uff01<br \/>\u9818\u990a\u4eba\u5fc5\u9700\u5e74\u6eff18 \u6b72\u3002\u6709\u610f\u9818\u990a\uff0c \u9ebb\u7169whatapp\/ \u96fb\u8a71\uff1a \u4e01\u5c0f\u59d060800201<\/p><br \/>","keywords":"","price":"","language":"","specifications":"","style_code":"","color":"Brown","condition":"","size":"","quantity":"0","view":"1574","created":"2016-11-03 12:16:45","feature_date":"","gallery_date":"","banner_a":"","banner_b":"","banner_c":"","todays_deal":"","discount":"","date_lost":"0000-00-00 00:00:00","date_born":"2016-10-01 00:00:00","sub_category":"","weight":"","height":"","name_of_pet":"\u4e01\u5c0f\u59d0","country":"","contact":"60800201","pet_status":"3","count_down_end_date":"0000-00-00 00:00:00","last_seen_appearance":"","questions":"","pet_id":"","gender":"M","country_id":"1","sub_country_id":"0","filename":"http://whospets.com\/images\/product\/204\/6cea03fb7d7e2aae0f7b4f4ef5c9d126.jpeg"},{"product_id":"205","category_id":"0","status":"1","store_id":"13","tax_id":"0","title":"14956603_10154620645111303_1888628710693847534_n.jpg","description":"\u54c1\u7a2e\uff1a\u8cb4\u5a66\r\n\u5e74\u7d00\uff1a\u4e5d\u6b72(\u5df2\u7d55\u80b2)\r\n\u6027\u683c\uff1a\u6587\u975c\uff0c\u4e56\u5de7","descriptionDisplay":"<p>\u54c1\u7a2e\uff1a\u8cb4\u5a66<br \/>\u5e74\u7d00\uff1a\u4e5d\u6b72(\u5df2\u7d55\u80b2)<br \/>\u6027\u683c\uff1a\u6587\u975c\uff0c\u4e56\u5de7<\/p><br \/>","keywords":"","price":"","language":"","specifications":"","style_code":"","color":"White","condition":"","size":"\u5c0f","quantity":"0","view":"1438","created":"2016-11-05 23:22:41","feature_date":"","gallery_date":"","banner_a":"","banner_b":"","banner_c":"","todays_deal":"","discount":"","date_lost":"0000-00-00 00:00:00","date_born":"0000-00-00 00:00:00","sub_category":"","weight":"","height":"","name_of_pet":"","country":"","contact":" 6376 6943","pet_status":"3","count_down_end_date":"0000-00-00 00:00:00","last_seen_appearance":"\u68c4\u990a\u65e5\u65e5\u6709\uff0c\u504f\u504f\u4e0d\u60f3\u653e\u68c4\u7684\u537b\u53c8\u4e8b\u8207\u9858\u907a\uff0c\u4e3b\u4eba\u60a3\u672b\u671f\u809d\u764c\uff0c\u751f\u547d\u5feb\u5230\u76e1\u982d\uff0c\u5fc3\u9858\u60f3\u4e00\u76f4\u8207\u5979\u76f8\u4f9d\u70ba\u547d\u7684\u5bf6\u8c9d\u80fd\u627e\u5230\u597d\u6b78\u5bbf\u3002\r\n\u4f4f\u8655\u9700\u5408\u6cd5\u990a\u72d7\uff0c\u627f\u8afe\u7167\u9867\u7d42\u8001\uff0c\u6709\u610f\u8acbpm\u6216ws 6376 6943 \u6797\u5c0f\u59d0\uff0c\u975e\u8aa0\u52ff\u64fe","questions":"","pet_id":"","gender":"M","country_id":"0","sub_country_id":"0","filename":"http://whospets.com\/images\/product\/205\/a8971b5ec7c361bde0728c86de387014.jpg"},{"product_id":"207","category_id":"179","status":"1","store_id":"87","tax_id":"0","title":"Unknown.jpeg","description":"","descriptionDisplay":"<br \/>","keywords":"","price":"","language":"","specifications":"","style_code":"","color":"Light brown","condition":"","size":"\u4e2d","quantity":"0","view":"568","created":"2016-11-06 21:00:31","feature_date":"","gallery_date":"","banner_a":"","banner_b":"","banner_c":"","todays_deal":"","discount":"","date_lost":"0000-00-00 00:00:00","date_born":"2015-11-10 00:00:00","sub_category":"","weight":"","height":"","name_of_pet":"\u5e0c\u671b\u8c93\u72d7\u5929\u5730","country":"","contact":"","pet_status":"3","count_down_end_date":"0000-00-00 00:00:00","last_seen_appearance":"","questions":"","pet_id":"","gender":"M","country_id":"1","sub_country_id":"301","filename":"http://whospets.com\/images\/product\/207\/4cac3ca32d2b13c9253ec5a69cd496da.jpeg"},{"product_id":"209","category_id":"177","status":"1","store_id":"87","tax_id":"0","title":"Unknown-1.jpeg","description":"","descriptionDisplay":"<br \/>","keywords":"","price":"","language":"","specifications":"","style_code":"","color":"Black","condition":"","size":"\u4e2d","quantity":"0","view":"400","created":"2016-11-06 21:29:43","feature_date":"","gallery_date":"","banner_a":"","banner_b":"","banner_c":"","todays_deal":"","discount":"","date_lost":"0000-00-00 00:00:00","date_born":"2013-11-07 00:00:00","sub_category":"","weight":"","height":"","name_of_pet":"\u5e0c\u671b\u8c93\u72d7\u5929\u5730","country":"","contact":"","pet_status":"3","count_down_end_date":"0000-00-00 00:00:00","last_seen_appearance":"","questions":"","pet_id":"","gender":"F","country_id":"1","sub_country_id":"301","filename":"http://whospets.com\/images\/product\/209\/77bbeb3054e63aad780cd41ae49b306d.jpeg"},{"product_id":"210","category_id":"177","status":"1","store_id":"87","tax_id":"0","title":"Unknown-2.jpeg","description":"","descriptionDisplay":"<br \/>","keywords":"","price":"","language":"","specifications":"","style_code":"","color":"Black","condition":"","size":"\u4e2d","quantity":"0","view":"515","created":"2016-11-06 21:33:25","feature_date":"","gallery_date":"","banner_a":"","banner_b":"","banner_c":"","todays_deal":"","discount":"","date_lost":"0000-00-00 00:00:00","date_born":"2013-11-13 00:00:00","sub_category":"","weight":"","height":"","name_of_pet":"\u5e0c\u671b\u8c93\u72d7\u5929\u5730","country":"","contact":"","pet_status":"3","count_down_end_date":"0000-00-00 00:00:00","last_seen_appearance":"","questions":"","pet_id":"","gender":"F","country_id":"1","sub_country_id":"301","filename":"http://whospets.com\/images\/product\/210\/2953df5af278a7a9dfe0396043216379.jpeg"},{"product_id":"212","category_id":"177","status":"1","store_id":"87","tax_id":"0","title":"Unknown-5.jpeg","description":"","descriptionDisplay":"<br \/>","keywords":"","price":"","language":"","specifications":"","style_code":"","color":"Black Tortie","condition":"","size":"\u4e2d","quantity":"0","view":"473","created":"2016-11-06 23:25:55","feature_date":"","gallery_date":"","banner_a":"","banner_b":"","banner_c":"","todays_deal":"","discount":"","date_lost":"0000-00-00 00:00:00","date_born":"2014-11-05 00:00:00","sub_category":"","weight":"","height":"","name_of_pet":"\u5e0c\u671b\u8c93\u72d7\u5929\u5730","country":"","contact":"","pet_status":"3","count_down_end_date":"0000-00-00 00:00:00","last_seen_appearance":"","questions":"","pet_id":"","gender":"F","country_id":"1","sub_country_id":"301","filename":"http://whospets.com\/images\/product\/212\/3c4b518229aaa9a6b64fd5168f2663fb.jpeg"},{"product_id":"228","category_id":"0","status":"1","store_id":"13","tax_id":"0","title":"15085548_10154300607508579_69855329397992332_n.jpg","description":"\r\n\u5c0f\u8c93\u5927\u6982\u500b\u534a\u6708\u5927\uff0c\u5973\u4ed4\uff0c\u5df2\u53ef\u98df\u4e7e\u7ce7\uff0c\u5df2\u675c\u87f2\u675c\u86a4\uff0c\u9818\u990a\u8005\u5bb6\u4e2d\u5fc5\u9808\u5b89\u88dd\u7a97\u7db2\uff0c\u8981\u5bb6\u8a2a\u53ca\u7d55\u80b2\u6309\u91d1\uff0c\u5982\u6709\u8208\u8da3\u7d66\u7260\u4e00\u500b\u5bb6\uff0c\u53efwhatsapp\u8b1d\u751f\uff0c\u96fb\u8a7160769011.","descriptionDisplay":"<p>\u5c0f\u8c93\u5927\u6982\u500b\u534a\u6708\u5927\uff0c\u5973\u4ed4\uff0c\u5df2\u53ef\u98df\u4e7e\u7ce7\uff0c\u5df2\u675c\u87f2\u675c\u86a4\uff0c\u9818\u990a\u8005\u5bb6\u4e2d\u5fc5\u9808\u5b89\u88dd\u7a97\u7db2\uff0c\u8981\u5bb6\u8a2a\u53ca\u7d55\u80b2\u6309\u91d1\uff0c\u5982\u6709\u8208\u8da3\u7d66\u7260\u4e00\u500b\u5bb6\uff0c\u53efwhatsapp\u8b1d\u751f\uff0c\u96fb\u8a7160769011.<\/p><br \/>","keywords":"","price":"","language":"","specifications":"","style_code":"","color":"","condition":"","size":"","quantity":"0","view":"359","created":"2016-11-13 22:21:53","feature_date":"","gallery_date":"","banner_a":"","banner_b":"","banner_c":"","todays_deal":"","discount":"","date_lost":"0000-00-00 00:00:00","date_born":"0000-00-00 00:00:00","sub_category":"","weight":"","height":"","name_of_pet":"","country":"","contact":"60769011","pet_status":"3","count_down_end_date":"0000-00-00 00:00:00","last_seen_appearance":"","questions":"","pet_id":"","gender":"F","country_id":"0","sub_country_id":"0","filename":"http://whospets.com\/images\/product\/228\/bc9501cb76f3f87554197aade0ac5df6.jpg"},{"product_id":"252","category_id":"0","status":"1","store_id":"123","tax_id":"0","title":"image.jpeg","description":"\u6d3b\u6f51 \u597d\u52d5 \u597d\u4e56\u597d\u55f2\u4eba  \u8b58\u7528\u8c93\u6c99\u76e4\r\n\u7d048\u500b\u6708\u5927\r\n\u56e0\u70ba\u524d\u4e3b\u4eba\u5514\u8981\u4f62 \u6025\u9700\u4f9d\u500b\u661f\u671f\u6435\u500b\u65b0\u5bb6\u6bd4\u4f62\r\n","descriptionDisplay":"<p>\u6d3b\u6f51 \u597d\u52d5 \u597d\u4e56\u597d\u55f2\u4eba  \u8b58\u7528\u8c93\u6c99\u76e4<br \/>\u7d048\u500b\u6708\u5927<br \/>\u56e0\u70ba\u524d\u4e3b\u4eba\u5514\u8981\u4f62 \u6025\u9700\u4f9d\u500b\u661f\u671f\u6435\u500b\u65b0\u5bb6\u6bd4\u4f62<\/p><br \/>","keywords":"","price":"","language":"","specifications":"","style_code":"","color":"","condition":"","size":"","quantity":"0","view":"1279","created":"2016-11-21 10:26:37","feature_date":"","gallery_date":"","banner_a":"","banner_b":"","banner_c":"","todays_deal":"","discount":"","date_lost":"0000-00-00 00:00:00","date_born":"0000-00-00 00:00:00","sub_category":"","weight":"","height":"","name_of_pet":"Traci","country":"","contact":"","pet_status":"3","count_down_end_date":"0000-00-00 00:00:00","last_seen_appearance":"","questions":"","pet_id":"","gender":"M","country_id":"0","sub_country_id":"0","filename":"http://whospets.com\/images\/product\/252\/46f0fe1158a5517bee9a8ebf99f04782.jpeg"},{"product_id":"252","category_id":"0","status":"1","store_id":"123","tax_id":"0","title":"image.jpeg","description":"\u6d3b\u6f51 \u597d\u52d5 \u597d\u4e56\u597d\u55f2\u4eba  \u8b58\u7528\u8c93\u6c99\u76e4\r\n\u7d048\u500b\u6708\u5927\r\n\u56e0\u70ba\u524d\u4e3b\u4eba\u5514\u8981\u4f62 \u6025\u9700\u4f9d\u500b\u661f\u671f\u6435\u500b\u65b0\u5bb6\u6bd4\u4f62\r\n","descriptionDisplay":"<p>\u6d3b\u6f51 \u597d\u52d5 \u597d\u4e56\u597d\u55f2\u4eba  \u8b58\u7528\u8c93\u6c99\u76e4<br \/>\u7d048\u500b\u6708\u5927<br \/>\u56e0\u70ba\u524d\u4e3b\u4eba\u5514\u8981\u4f62 \u6025\u9700\u4f9d\u500b\u661f\u671f\u6435\u500b\u65b0\u5bb6\u6bd4\u4f62<\/p><br \/>","keywords":"","price":"","language":"","specifications":"","style_code":"","color":"","condition":"","size":"","quantity":"0","view":"1279","created":"2016-11-21 10:26:37","feature_date":"","gallery_date":"","banner_a":"","banner_b":"","banner_c":"","todays_deal":"","discount":"","date_lost":"0000-00-00 00:00:00","date_born":"0000-00-00 00:00:00","sub_category":"","weight":"","height":"","name_of_pet":"Traci","country":"","contact":"","pet_status":"3","count_down_end_date":"0000-00-00 00:00:00","last_seen_appearance":"","questions":"","pet_id":"","gender":"M","country_id":"0","sub_country_id":"0","filename":"http://whospets.com\/images\/product\/252\/8c0aa88a50bf2f48d326a7e946ba7a0d.jpeg"},{"product_id":"252","category_id":"0","status":"1","store_id":"123","tax_id":"0","title":"image.jpeg","description":"\u6d3b\u6f51 \u597d\u52d5 \u597d\u4e56\u597d\u55f2\u4eba  \u8b58\u7528\u8c93\u6c99\u76e4\r\n\u7d048\u500b\u6708\u5927\r\n\u56e0\u70ba\u524d\u4e3b\u4eba\u5514\u8981\u4f62 \u6025\u9700\u4f9d\u500b\u661f\u671f\u6435\u500b\u65b0\u5bb6\u6bd4\u4f62\r\n","descriptionDisplay":"<p>\u6d3b\u6f51 \u597d\u52d5 \u597d\u4e56\u597d\u55f2\u4eba  \u8b58\u7528\u8c93\u6c99\u76e4<br \/>\u7d048\u500b\u6708\u5927<br \/>\u56e0\u70ba\u524d\u4e3b\u4eba\u5514\u8981\u4f62 \u6025\u9700\u4f9d\u500b\u661f\u671f\u6435\u500b\u65b0\u5bb6\u6bd4\u4f62<\/p><br \/>","keywords":"","price":"","language":"","specifications":"","style_code":"","color":"","condition":"","size":"","quantity":"0","view":"1279","created":"2016-11-21 10:26:37","feature_date":"","gallery_date":"","banner_a":"","banner_b":"","banner_c":"","todays_deal":"","discount":"","date_lost":"0000-00-00 00:00:00","date_born":"0000-00-00 00:00:00","sub_category":"","weight":"","height":"","name_of_pet":"Traci","country":"","contact":"","pet_status":"3","count_down_end_date":"0000-00-00 00:00:00","last_seen_appearance":"","questions":"","pet_id":"","gender":"M","country_id":"0","sub_country_id":"0","filename":"http://whospets.com\/images\/product\/252\/1874339a9564c611be9799cdd82d5c71.jpeg"},{"product_id":"265","category_id":"177","status":"1","store_id":"87","tax_id":"0","title":"Unknown-2.jpeg","description":"","descriptionDisplay":"<br \/>","keywords":"","price":"","language":"","specifications":"","style_code":"","color":"","condition":"","size":"","quantity":"0","view":"435","created":"2016-12-03 23:29:56","feature_date":"","gallery_date":"","banner_a":"","banner_b":"","banner_c":"","todays_deal":"","discount":"","date_lost":"0000-00-00 00:00:00","date_born":"2013-12-27 00:00:00","sub_category":"","weight":"","height":"","name_of_pet":"\u5e0c\u671b\u732b\u72d7\u5929\u5730","country":"","contact":"","pet_status":"3","count_down_end_date":"0000-00-00 00:00:00","last_seen_appearance":"","questions":"","pet_id":"","gender":"","country_id":"1","sub_country_id":"301","filename":"http://whospets.com\/images\/product\/265\/c7f7ef678dcef49876628f957b210100.jpeg"},{"product_id":"266","category_id":"177","status":"1","store_id":"87","tax_id":"0","title":"Unknown-3.jpeg","description":"","descriptionDisplay":"<br \/>","keywords":"","price":"","language":"","specifications":"","style_code":"","color":"","condition":"","size":"","quantity":"0","view":"557","created":"2016-12-03 23:33:03","feature_date":"","gallery_date":"","banner_a":"","banner_b":"","banner_c":"","todays_deal":"","discount":"","date_lost":"0000-00-00 00:00:00","date_born":"2014-12-19 00:00:00","sub_category":"","weight":"","height":"","name_of_pet":"\u5e0c\u671b\u732b\u72d7\u5929\u5730","country":"","contact":"","pet_status":"3","count_down_end_date":"0000-00-00 00:00:00","last_seen_appearance":"","questions":"","pet_id":"","gender":"M","country_id":"1","sub_country_id":"301","filename":"http://whospets.com\/images\/product\/266\/802e51cff825b15bcd5474b9bf2699bf.jpeg"},{"product_id":"268","category_id":"177","status":"1","store_id":"87","tax_id":"0","title":"Unknown-5.jpeg","description":"","descriptionDisplay":"<br \/>","keywords":"","price":"","language":"","specifications":"","style_code":"","color":"","condition":"","size":"","quantity":"0","view":"464","created":"2016-12-03 23:35:35","feature_date":"","gallery_date":"","banner_a":"","banner_b":"","banner_c":"","todays_deal":"","discount":"","date_lost":"0000-00-00 00:00:00","date_born":"2012-12-13 00:00:00","sub_category":"","weight":"","height":"","name_of_pet":"\u5e0c\u671b\u732b\u72d7\u5929\u5730","country":"","contact":"","pet_status":"3","count_down_end_date":"0000-00-00 00:00:00","last_seen_appearance":"","questions":"","pet_id":"","gender":"","country_id":"1","sub_country_id":"301","filename":"http://whospets.com\/images\/product\/268\/7c1f4d0720099ecc581a3870ea3483d9.jpeg"},{"product_id":"269","category_id":"177","status":"1","store_id":"87","tax_id":"0","title":"Unknown-6.jpeg","description":"","descriptionDisplay":"<br \/>","keywords":"","price":"","language":"","specifications":"","style_code":"","color":"","condition":"","size":"","quantity":"0","view":"414","created":"2016-12-03 23:37:25","feature_date":"","gallery_date":"","banner_a":"","banner_b":"","banner_c":"","todays_deal":"","discount":"","date_lost":"0000-00-00 00:00:00","date_born":"2015-12-22 00:00:00","sub_category":"","weight":"","height":"","name_of_pet":"\u5e0c\u671b\u732b\u72d7\u5929\u5730","country":"","contact":"","pet_status":"3","count_down_end_date":"0000-00-00 00:00:00","last_seen_appearance":"","questions":"","pet_id":"","gender":"","country_id":"1","sub_country_id":"301","filename":"http://whospets.com\/images\/product\/269\/0cfb47b91fed92352e397cbbbe0edeca.jpeg"},{"product_id":"270","category_id":"177","status":"1","store_id":"87","tax_id":"0","title":"Unknown-7.jpeg","description":"","descriptionDisplay":"<br \/>","keywords":"","price":"","language":"","specifications":"","style_code":"","color":"","condition":"","size":"","quantity":"0","view":"479","created":"2016-12-03 23:38:34","feature_date":"","gallery_date":"","banner_a":"","banner_b":"","banner_c":"","todays_deal":"","discount":"","date_lost":"0000-00-00 00:00:00","date_born":"2014-12-18 00:00:00","sub_category":"","weight":"","height":"","name_of_pet":"\u5e0c\u671b\u732b\u72d7\u5929\u5730","country":"","contact":"","pet_status":"3","count_down_end_date":"0000-00-00 00:00:00","last_seen_appearance":"","questions":"","pet_id":"","gender":"","country_id":"1","sub_country_id":"301","filename":"http://whospets.com\/images\/product\/270\/bcb15ad7b72dfa430485cff439640b00.jpeg"},{"product_id":"271","category_id":"177","status":"1","store_id":"87","tax_id":"0","title":"Unknown-8.jpeg","description":"","descriptionDisplay":"<br \/>","keywords":"","price":"","language":"","specifications":"","style_code":"","color":"","condition":"","size":"","quantity":"0","view":"372","created":"2016-12-03 23:41:10","feature_date":"","gallery_date":"","banner_a":"","banner_b":"","banner_c":"","todays_deal":"","discount":"","date_lost":"0000-00-00 00:00:00","date_born":"2016-09-05 00:00:00","sub_category":"","weight":"","height":"","name_of_pet":"\u5e0c\u671b\u732b\u72d7\u5929\u5730","country":"","contact":"","pet_status":"3","count_down_end_date":"0000-00-00 00:00:00","last_seen_appearance":"","questions":"","pet_id":"","gender":"","country_id":"1","sub_country_id":"301","filename":"http://whospets.com\/images\/product\/271\/8ec74c9f2b8e96bfceb48566f8dada59.jpeg"},{"product_id":"272","category_id":"177","status":"1","store_id":"87","tax_id":"0","title":"Unknown-10.jpeg","description":"","descriptionDisplay":"<br \/>","keywords":"","price":"","language":"","specifications":"","style_code":"","color":"","condition":"","size":"","quantity":"0","view":"477","created":"2016-12-03 23:44:52","feature_date":"","gallery_date":"","banner_a":"","banner_b":"","banner_c":"","todays_deal":"","discount":"","date_lost":"0000-00-00 00:00:00","date_born":"2015-12-18 00:00:00","sub_category":"","weight":"","height":"","name_of_pet":"\u5e0c\u671b\u732b\u72d7\u5929\u5730","country":"","contact":"","pet_status":"3","count_down_end_date":"0000-00-00 00:00:00","last_seen_appearance":"","questions":"","pet_id":"","gender":"","country_id":"1","sub_country_id":"301","filename":"http://whospets.com\/images\/product\/272\/5bf6e9151969acb0e4061df06d5640d1.jpeg"},{"product_id":"273","category_id":"177","status":"1","store_id":"87","tax_id":"0","title":"Unknown-11.jpeg","description":"","descriptionDisplay":"<br \/>","keywords":"","price":"","language":"","specifications":"","style_code":"","color":"","condition":"","size":"","quantity":"0","view":"480","created":"2016-12-03 23:46:06","feature_date":"","gallery_date":"","banner_a":"","banner_b":"","banner_c":"","todays_deal":"","discount":"","date_lost":"0000-00-00 00:00:00","date_born":"2013-12-14 00:00:00","sub_category":"","weight":"","height":"","name_of_pet":"\u5e0c\u671b\u732b\u72d7\u5929\u5730","country":"","contact":"","pet_status":"3","count_down_end_date":"0000-00-00 00:00:00","last_seen_appearance":"","questions":"","pet_id":"","gender":"","country_id":"1","sub_country_id":"301","filename":"http://whospets.com\/images\/product\/273\/ea6b723b7811ac877d76c84b40d0de8e.jpeg"},{"product_id":"274","category_id":"177","status":"1","store_id":"87","tax_id":"0","title":"Unknown-12.jpeg","description":"","descriptionDisplay":"<br \/>","keywords":"","price":"","language":"","specifications":"","style_code":"","color":"","condition":"","size":"","quantity":"0","view":"486","created":"2016-12-03 23:47:43","feature_date":"","gallery_date":"","banner_a":"","banner_b":"","banner_c":"","todays_deal":"","discount":"","date_lost":"0000-00-00 00:00:00","date_born":"2011-12-13 00:00:00","sub_category":"","weight":"","height":"","name_of_pet":"\u5e0c\u671b\u732b\u72d7\u5929\u5730","country":"","contact":"","pet_status":"3","count_down_end_date":"0000-00-00 00:00:00","last_seen_appearance":"","questions":"","pet_id":"","gender":"","country_id":"1","sub_country_id":"301","filename":"http://whospets.com\/images\/product\/274\/e0197c1fb3cad02fa17b15058fda767c.jpeg"},{"product_id":"275","category_id":"177","status":"1","store_id":"87","tax_id":"0","title":"Unknown-16.jpeg","description":"","descriptionDisplay":"<br \/>","keywords":"","price":"","language":"","specifications":"","style_code":"","color":"","condition":"","size":"","quantity":"0","view":"493","created":"2016-12-03 23:49:12","feature_date":"","gallery_date":"","banner_a":"","banner_b":"","banner_c":"","todays_deal":"","discount":"","date_lost":"0000-00-00 00:00:00","date_born":"2013-12-10 00:00:00","sub_category":"","weight":"","height":"","name_of_pet":"\u5e0c\u671b\u732b\u72d7\u5929\u5730","country":"","contact":"","pet_status":"3","count_down_end_date":"0000-00-00 00:00:00","last_seen_appearance":"","questions":"","pet_id":"","gender":"","country_id":"1","sub_country_id":"301","filename":"http://whospets.com\/images\/product\/275\/15008a26963374866cdda70868716fa0.jpeg"},{"product_id":"276","category_id":"177","status":"1","store_id":"87","tax_id":"0","title":"Unknown-17.jpeg","description":"","descriptionDisplay":"<br \/>","keywords":"","price":"","language":"","specifications":"","style_code":"","color":"","condition":"","size":"","quantity":"0","view":"494","created":"2016-12-03 23:50:18","feature_date":"","gallery_date":"","banner_a":"","banner_b":"","banner_c":"","todays_deal":"","discount":"","date_lost":"0000-00-00 00:00:00","date_born":"2012-12-07 00:00:00","sub_category":"","weight":"","height":"","name_of_pet":"\u5e0c\u671b\u732b\u72d7\u5929\u5730","country":"","contact":"","pet_status":"3","count_down_end_date":"0000-00-00 00:00:00","last_seen_appearance":"","questions":"","pet_id":"","gender":"","country_id":"1","sub_country_id":"301","filename":"http://whospets.com\/images\/product\/276\/a299a6cd8e77d8cada2adb80919a56a5.jpeg"},{"product_id":"277","category_id":"177","status":"1","store_id":"87","tax_id":"0","title":"Unknown-18.jpeg","description":"","descriptionDisplay":"<br \/>","keywords":"","price":"","language":"","specifications":"","style_code":"","color":"","condition":"","size":"","quantity":"0","view":"457","created":"2016-12-03 23:51:15","feature_date":"","gallery_date":"","banner_a":"","banner_b":"","banner_c":"","todays_deal":"","discount":"","date_lost":"0000-00-00 00:00:00","date_born":"2010-12-09 00:00:00","sub_category":"","weight":"","height":"","name_of_pet":"\u5e0c\u671b\u732b\u72d7\u5929\u5730","country":"","contact":"","pet_status":"3","count_down_end_date":"0000-00-00 00:00:00","last_seen_appearance":"","questions":"","pet_id":"","gender":"","country_id":"1","sub_country_id":"301","filename":"http://whospets.com\/images\/product\/277\/b6636b8b438c101a4b2eb0f27244ce8f.jpeg"},{"product_id":"278","category_id":"177","status":"1","store_id":"87","tax_id":"0","title":"Unknown-19.jpeg","description":"","descriptionDisplay":"<br \/>","keywords":"","price":"","language":"","specifications":"","style_code":"","color":"","condition":"","size":"","quantity":"0","view":"439","created":"2016-12-03 23:52:12","feature_date":"","gallery_date":"","banner_a":"","banner_b":"","banner_c":"","todays_deal":"","discount":"","date_lost":"0000-00-00 00:00:00","date_born":"2014-12-09 00:00:00","sub_category":"","weight":"","height":"","name_of_pet":"\u5e0c\u671b\u732b\u72d7\u5929\u5730","country":"","contact":"","pet_status":"3","count_down_end_date":"0000-00-00 00:00:00","last_seen_appearance":"","questions":"","pet_id":"","gender":"","country_id":"1","sub_country_id":"301","filename":"http://whospets.com\/images\/product\/278\/8d5aac6582298658839de6a2b485ae12.jpeg"},{"product_id":"279","category_id":"177","status":"1","store_id":"87","tax_id":"0","title":"Unknown-20.jpeg","description":"","descriptionDisplay":"<br \/>","keywords":"","price":"","language":"","specifications":"","style_code":"","color":"","condition":"","size":"","quantity":"0","view":"475","created":"2016-12-03 23:53:15","feature_date":"","gallery_date":"","banner_a":"","banner_b":"","banner_c":"","todays_deal":"","discount":"","date_lost":"0000-00-00 00:00:00","date_born":"2008-12-11 00:00:00","sub_category":"","weight":"","height":"","name_of_pet":"\u5e0c\u671b\u732b\u72d7\u5929\u5730","country":"","contact":"","pet_status":"3","count_down_end_date":"0000-00-00 00:00:00","last_seen_appearance":"","questions":"","pet_id":"","gender":"","country_id":"1","sub_country_id":"301","filename":"http://whospets.com\/images\/product\/279\/1e587afa47bbc444f4190308de1cb14f.jpeg"},{"product_id":"280","category_id":"177","status":"1","store_id":"87","tax_id":"0","title":"Unknown-21.jpeg","description":"","descriptionDisplay":"<br \/>","keywords":"","price":"","language":"","specifications":"","style_code":"","color":"","condition":"","size":"","quantity":"0","view":"502","created":"2016-12-03 23:54:43","feature_date":"","gallery_date":"","banner_a":"","banner_b":"","banner_c":"","todays_deal":"","discount":"","date_lost":"0000-00-00 00:00:00","date_born":"2013-12-13 00:00:00","sub_category":"","weight":"","height":"","name_of_pet":"\u5e0c\u671b\u732b\u72d7\u5929\u5730","country":"","contact":"","pet_status":"3","count_down_end_date":"0000-00-00 00:00:00","last_seen_appearance":"","questions":"","pet_id":"","gender":"","country_id":"1","sub_country_id":"301","filename":"http://whospets.com\/images\/product\/280\/98d9f439be5eeff37807e37fc6f18967.jpeg"},{"product_id":"282","category_id":"0","status":"1","store_id":"87","tax_id":"0","title":"Unknown-22.jpeg","description":"","descriptionDisplay":"<br \/>","keywords":"","price":"","language":"","specifications":"","style_code":"","color":"","condition":"","size":"","quantity":"0","view":"452","created":"2016-12-07 21:44:34","feature_date":"","gallery_date":"","banner_a":"","banner_b":"","banner_c":"","todays_deal":"","discount":"","date_lost":"0000-00-00 00:00:00","date_born":"2014-12-10 00:00:00","sub_category":"","weight":"","height":"","name_of_pet":"\u5e0c\u671b\u732b\u72d7\u5929\u5730","country":"","contact":"","pet_status":"3","count_down_end_date":"0000-00-00 00:00:00","last_seen_appearance":"","questions":"","pet_id":"","gender":"","country_id":"1","sub_country_id":"301","filename":"http://whospets.com\/images\/product\/282\/aef17274d4b2c18008c77065e684d746.jpeg"},{"product_id":"283","category_id":"177","status":"1","store_id":"87","tax_id":"0","title":"Unknown-23.jpeg","description":"","descriptionDisplay":"<br \/>","keywords":"","price":"","language":"","specifications":"","style_code":"","color":"","condition":"","size":"","quantity":"0","view":"457","created":"2016-12-07 21:45:50","feature_date":"","gallery_date":"","banner_a":"","banner_b":"","banner_c":"","todays_deal":"","discount":"","date_lost":"0000-00-00 00:00:00","date_born":"2016-12-05 00:00:00","sub_category":"","weight":"","height":"","name_of_pet":"\u5e0c\u671b\u732b\u72d7\u5929\u5730","country":"","contact":"","pet_status":"3","count_down_end_date":"0000-00-00 00:00:00","last_seen_appearance":"","questions":"","pet_id":"","gender":"","country_id":"1","sub_country_id":"301","filename":"http://whospets.com\/images\/product\/283\/0996e07eb255fcee0d21931ee50924c5.jpeg"},{"product_id":"284","category_id":"177","status":"1","store_id":"87","tax_id":"0","title":"Unknown-25.jpeg","description":"","descriptionDisplay":"<br \/>","keywords":"","price":"","language":"","specifications":"","style_code":"","color":"","condition":"","size":"","quantity":"0","view":"463","created":"2016-12-07 21:47:38","feature_date":"","gallery_date":"","banner_a":"","banner_b":"","banner_c":"","todays_deal":"","discount":"","date_lost":"0000-00-00 00:00:00","date_born":"2013-12-10 00:00:00","sub_category":"","weight":"","height":"","name_of_pet":"\u5e0c\u671b\u732b\u72d7\u5929\u5730","country":"","contact":"","pet_status":"3","count_down_end_date":"0000-00-00 00:00:00","last_seen_appearance":"","questions":"","pet_id":"","gender":"","country_id":"1","sub_country_id":"301","filename":"http://whospets.com\/images\/product\/284\/3f7be635459c22ebce3ca75ba1de2221.jpeg"},{"product_id":"285","category_id":"177","status":"1","store_id":"87","tax_id":"0","title":"Unknown-26.jpeg","description":"","descriptionDisplay":"<br \/>","keywords":"","price":"","language":"","specifications":"","style_code":"","color":"","condition":"","size":"","quantity":"0","view":"400","created":"2016-12-07 21:48:59","feature_date":"","gallery_date":"","banner_a":"","banner_b":"","banner_c":"","todays_deal":"","discount":"","date_lost":"0000-00-00 00:00:00","date_born":"2012-12-20 00:00:00","sub_category":"","weight":"","height":"","name_of_pet":"\u5e0c\u671b\u732b\u72d7\u5929\u5730","country":"","contact":"","pet_status":"3","count_down_end_date":"0000-00-00 00:00:00","last_seen_appearance":"","questions":"","pet_id":"","gender":"","country_id":"1","sub_country_id":"301","filename":"http://whospets.com\/images\/product\/285\/db148092b1be08ea274296db466a9d52.jpeg"},{"product_id":"286","category_id":"177","status":"1","store_id":"87","tax_id":"0","title":"Unknown-27.jpeg","description":"","descriptionDisplay":"<br \/>","keywords":"","price":"","language":"","specifications":"","style_code":"","color":"","condition":"","size":"","quantity":"0","view":"450","created":"2016-12-07 21:50:15","feature_date":"","gallery_date":"","banner_a":"","banner_b":"","banner_c":"","todays_deal":"","discount":"","date_lost":"0000-00-00 00:00:00","date_born":"2011-12-07 00:00:00","sub_category":"","weight":"","height":"","name_of_pet":"\u5e0c\u671b\u732b\u72d7\u5929\u5730","country":"","contact":"","pet_status":"3","count_down_end_date":"0000-00-00 00:00:00","last_seen_appearance":"","questions":"","pet_id":"","gender":"","country_id":"1","sub_country_id":"301","filename":"http://whospets.com\/images\/product\/286\/f99d738779be50bb92bccb8b4335bfaf.jpeg"},{"product_id":"287","category_id":"177","status":"1","store_id":"87","tax_id":"0","title":"Unknown-28.jpeg","description":"","descriptionDisplay":"<br \/>","keywords":"","price":"","language":"","specifications":"","style_code":"","color":"","condition":"","size":"","quantity":"0","view":"424","created":"2016-12-07 21:52:53","feature_date":"","gallery_date":"","banner_a":"","banner_b":"","banner_c":"","todays_deal":"","discount":"","date_lost":"0000-00-00 00:00:00","date_born":"2012-12-05 00:00:00","sub_category":"","weight":"","height":"","name_of_pet":"\u5e0c\u671b\u732b\u72d7\u5929\u5730","country":"","contact":"","pet_status":"3","count_down_end_date":"0000-00-00 00:00:00","last_seen_appearance":"","questions":"","pet_id":"","gender":"","country_id":"1","sub_country_id":"301","filename":"http://whospets.com\/images\/product\/287\/e1203a67574fbecfbcb0b7c52290e1c7.jpeg"},{"product_id":"288","category_id":"177","status":"1","store_id":"87","tax_id":"0","title":"Unknown-29.jpeg","description":"","descriptionDisplay":"<br \/>","keywords":"","price":"","language":"","specifications":"","style_code":"","color":"","condition":"","size":"","quantity":"0","view":"444","created":"2016-12-07 21:56:03","feature_date":"","gallery_date":"","banner_a":"","banner_b":"","banner_c":"","todays_deal":"","discount":"","date_lost":"0000-00-00 00:00:00","date_born":"2015-12-14 00:00:00","sub_category":"","weight":"","height":"","name_of_pet":"\u5e0c\u671b\u732b\u72d7\u5929\u5730","country":"","contact":"","pet_status":"3","count_down_end_date":"0000-00-00 00:00:00","last_seen_appearance":"","questions":"","pet_id":"","gender":"","country_id":"1","sub_country_id":"301","filename":"http://whospets.com\/images\/product\/288\/67d8fe96f1602f19c6fd90eefb9dc6de.jpeg"},{"product_id":"289","category_id":"177","status":"1","store_id":"87","tax_id":"0","title":"Unknown-30.jpeg","description":"","descriptionDisplay":"<br \/>","keywords":"","price":"","language":"","specifications":"","style_code":"","color":"","condition":"","size":"","quantity":"0","view":"414","created":"2016-12-07 21:57:20","feature_date":"","gallery_date":"","banner_a":"","banner_b":"","banner_c":"","todays_deal":"","discount":"","date_lost":"0000-00-00 00:00:00","date_born":"2014-12-12 00:00:00","sub_category":"","weight":"","height":"","name_of_pet":"\u5e0c\u671b\u732b\u72d7\u5929\u5730","country":"","contact":"","pet_status":"3","count_down_end_date":"0000-00-00 00:00:00","last_seen_appearance":"","questions":"","pet_id":"","gender":"","country_id":"1","sub_country_id":"301","filename":"http://whospets.com\/images\/product\/289\/6f2f0bd8d5af01ad0bf23c242eb8656f.jpeg"},{"product_id":"291","category_id":"177","status":"1","store_id":"87","tax_id":"0","title":"Unknown-32.jpeg","description":"","descriptionDisplay":"<br \/>","keywords":"","price":"","language":"","specifications":"","style_code":"","color":"","condition":"","size":"","quantity":"0","view":"398","created":"2016-12-07 22:01:12","feature_date":"","gallery_date":"","banner_a":"","banner_b":"","banner_c":"","todays_deal":"","discount":"","date_lost":"0000-00-00 00:00:00","date_born":"2013-12-10 00:00:00","sub_category":"","weight":"","height":"","name_of_pet":"\u5e0c\u671b\u732b\u72d7\u5929\u5730","country":"","contact":"","pet_status":"3","count_down_end_date":"0000-00-00 00:00:00","last_seen_appearance":"","questions":"","pet_id":"","gender":"","country_id":"1","sub_country_id":"301","filename":"http://whospets.com\/images\/product\/291\/a94508a89dfbfa743b11f16cd6176697.jpeg"},{"product_id":"292","category_id":"177","status":"1","store_id":"87","tax_id":"0","title":"Unknown-33.jpeg","description":"","descriptionDisplay":"<br \/>","keywords":"","price":"","language":"","specifications":"","style_code":"","color":"","condition":"","size":"","quantity":"0","view":"423","created":"2016-12-07 22:02:31","feature_date":"","gallery_date":"","banner_a":"","banner_b":"","banner_c":"","todays_deal":"","discount":"","date_lost":"0000-00-00 00:00:00","date_born":"2013-12-10 00:00:00","sub_category":"","weight":"","height":"","name_of_pet":"\u5e0c\u671b\u732b\u72d7\u5929\u5730","country":"","contact":"","pet_status":"3","count_down_end_date":"0000-00-00 00:00:00","last_seen_appearance":"","questions":"","pet_id":"","gender":"","country_id":"1","sub_country_id":"301","filename":"http://whospets.com\/images\/product\/292\/3d88752c32d84fcec07ac0dd818bf342.jpeg"},{"product_id":"293","category_id":"177","status":"1","store_id":"87","tax_id":"0","title":"Unknown-34.jpeg","description":"","descriptionDisplay":"<br \/>","keywords":"","price":"","language":"","specifications":"","style_code":"","color":"","condition":"","size":"","quantity":"0","view":"472","created":"2016-12-07 22:03:37","feature_date":"","gallery_date":"","banner_a":"","banner_b":"","banner_c":"","todays_deal":"","discount":"","date_lost":"0000-00-00 00:00:00","date_born":"2012-12-06 00:00:00","sub_category":"","weight":"","height":"","name_of_pet":"\u5e0c\u671b\u732b\u72d7\u5929\u5730","country":"","contact":"","pet_status":"3","count_down_end_date":"0000-00-00 00:00:00","last_seen_appearance":"","questions":"","pet_id":"","gender":"","country_id":"1","sub_country_id":"301","filename":"http://whospets.com\/images\/product\/293\/90c869313b7fa9e14bf15e06d448f916.jpeg"},{"product_id":"294","category_id":"177","status":"1","store_id":"87","tax_id":"0","title":"Unknown-35.jpeg","description":"","descriptionDisplay":"<br \/>","keywords":"","price":"","language":"","specifications":"","style_code":"","color":"","condition":"","size":"","quantity":"0","view":"436","created":"2016-12-07 22:04:50","feature_date":"","gallery_date":"","banner_a":"","banner_b":"","banner_c":"","todays_deal":"","discount":"","date_lost":"0000-00-00 00:00:00","date_born":"2009-12-03 00:00:00","sub_category":"","weight":"","height":"","name_of_pet":"\u5e0c\u671b\u732b\u72d7\u5929\u5730","country":"","contact":"","pet_status":"3","count_down_end_date":"0000-00-00 00:00:00","last_seen_appearance":"","questions":"","pet_id":"","gender":"","country_id":"1","sub_country_id":"301","filename":"http://whospets.com\/images\/product\/294\/884d5d864169b28f33aec8c7dbad489d.jpeg"},{"product_id":"295","category_id":"177","status":"1","store_id":"87","tax_id":"0","title":"Unknown-36.jpeg","description":"","descriptionDisplay":"<br \/>","keywords":"","price":"","language":"","specifications":"","style_code":"","color":"","condition":"","size":"","quantity":"0","view":"377","created":"2016-12-07 22:05:48","feature_date":"","gallery_date":"","banner_a":"","banner_b":"","banner_c":"","todays_deal":"","discount":"","date_lost":"0000-00-00 00:00:00","date_born":"2014-12-12 00:00:00","sub_category":"","weight":"","height":"","name_of_pet":"\u5e0c\u671b\u732b\u72d7\u5929\u5730","country":"","contact":"","pet_status":"3","count_down_end_date":"0000-00-00 00:00:00","last_seen_appearance":"","questions":"","pet_id":"","gender":"","country_id":"1","sub_country_id":"301","filename":"http://whospets.com\/images\/product\/295\/708211ac862f4ee613f48a1f7f8bf576.jpeg"},{"product_id":"296","category_id":"177","status":"1","store_id":"87","tax_id":"0","title":"Unknown-38.jpeg","description":"","descriptionDisplay":"<br \/>","keywords":"","price":"","language":"","specifications":"","style_code":"","color":"","condition":"","size":"","quantity":"0","view":"435","created":"2016-12-07 22:07:13","feature_date":"","gallery_date":"","banner_a":"","banner_b":"","banner_c":"","todays_deal":"","discount":"","date_lost":"0000-00-00 00:00:00","date_born":"2015-12-17 00:00:00","sub_category":"","weight":"","height":"","name_of_pet":"\u5e0c\u671b\u732b\u72d7\u5929\u5730","country":"","contact":"","pet_status":"3","count_down_end_date":"0000-00-00 00:00:00","last_seen_appearance":"","questions":"","pet_id":"","gender":"","country_id":"1","sub_country_id":"301","filename":"http://whospets.com\/images\/product\/296\/9e78a8071a8f020f6fdb5dcfd5d6c0d2.jpeg"},{"product_id":"297","category_id":"177","status":"1","store_id":"87","tax_id":"0","title":"Unknown-39.jpeg","description":"","descriptionDisplay":"<br \/>","keywords":"","price":"","language":"","specifications":"","style_code":"","color":"","condition":"","size":"","quantity":"0","view":"464","created":"2016-12-07 22:09:13","feature_date":"","gallery_date":"","banner_a":"","banner_b":"","banner_c":"","todays_deal":"","discount":"","date_lost":"0000-00-00 00:00:00","date_born":"2010-12-07 00:00:00","sub_category":"","weight":"","height":"","name_of_pet":"\u5e0c\u671b\u732b\u72d7\u5929\u5730","country":"","contact":"","pet_status":"3","count_down_end_date":"0000-00-00 00:00:00","last_seen_appearance":"","questions":"","pet_id":"","gender":"","country_id":"1","sub_country_id":"301","filename":"http://whospets.com\/images\/product\/297\/10659bd44b3654ada19989f73101499d.jpeg"},{"product_id":"298","category_id":"177","status":"1","store_id":"87","tax_id":"0","title":"Unknown-40.jpeg","description":"","descriptionDisplay":"<br \/>","keywords":"","price":"","language":"","specifications":"","style_code":"","color":"","condition":"","size":"","quantity":"0","view":"434","created":"2016-12-07 22:10:48","feature_date":"","gallery_date":"","banner_a":"","banner_b":"","banner_c":"","todays_deal":"","discount":"","date_lost":"0000-00-00 00:00:00","date_born":"2014-12-10 00:00:00","sub_category":"","weight":"","height":"","name_of_pet":"\u5e0c\u671b\u732b\u72d7\u5929\u5730","country":"","contact":"","pet_status":"3","count_down_end_date":"0000-00-00 00:00:00","last_seen_appearance":"","questions":"","pet_id":"","gender":"","country_id":"1","sub_country_id":"301","filename":"http://whospets.com\/images\/product\/298\/8eb55f9a53333cb126169057f9aa562a.jpeg"},{"product_id":"299","category_id":"177","status":"1","store_id":"87","tax_id":"0","title":"Unknown-41.jpeg","description":"","descriptionDisplay":"<br \/>","keywords":"","price":"","language":"","specifications":"","style_code":"","color":"","condition":"","size":"","quantity":"0","view":"458","created":"2016-12-07 22:13:12","feature_date":"","gallery_date":"","banner_a":"","banner_b":"","banner_c":"","todays_deal":"","discount":"","date_lost":"0000-00-00 00:00:00","date_born":"2013-12-12 00:00:00","sub_category":"","weight":"","height":"","name_of_pet":"\u5e0c\u671b\u732b\u72d7\u5929\u5730","country":"","contact":"","pet_status":"3","count_down_end_date":"0000-00-00 00:00:00","last_seen_appearance":"","questions":"","pet_id":"","gender":"","country_id":"1","sub_country_id":"301","filename":"http://whospets.com\/images\/product\/299\/93563ff165854e65de00152e17faada1.jpeg"},{"product_id":"300","category_id":"177","status":"1","store_id":"87","tax_id":"0","title":"Unknown-43.jpeg","description":"","descriptionDisplay":"<br \/>","keywords":"","price":"","language":"","specifications":"","style_code":"","color":"","condition":"","size":"","quantity":"0","view":"494","created":"2016-12-07 22:15:33","feature_date":"","gallery_date":"","banner_a":"","banner_b":"","banner_c":"","todays_deal":"","discount":"","date_lost":"0000-00-00 00:00:00","date_born":"2013-12-08 00:00:00","sub_category":"","weight":"","height":"","name_of_pet":"\u5e0c\u671b\u732b\u72d7\u5929\u5730","country":"","contact":"","pet_status":"3","count_down_end_date":"0000-00-00 00:00:00","last_seen_appearance":"","questions":"","pet_id":"","gender":"","country_id":"1","sub_country_id":"301","filename":"http://whospets.com\/images\/product\/300\/0c757353835b82634b5c7581c05512b7.jpeg"},{"product_id":"301","category_id":"177","status":"1","store_id":"87","tax_id":"0","title":"Unknown-44.jpeg","description":"","descriptionDisplay":"<br \/>","keywords":"","price":"","language":"","specifications":"","style_code":"","color":"","condition":"","size":"","quantity":"0","view":"542","created":"2016-12-07 22:16:58","feature_date":"","gallery_date":"","banner_a":"","banner_b":"","banner_c":"","todays_deal":"","discount":"","date_lost":"0000-00-00 00:00:00","date_born":"2012-12-12 00:00:00","sub_category":"","weight":"","height":"","name_of_pet":"\u5e0c\u671b\u732b\u72d7\u5929\u5730","country":"","contact":"","pet_status":"3","count_down_end_date":"0000-00-00 00:00:00","last_seen_appearance":"","questions":"","pet_id":"","gender":"","country_id":"1","sub_country_id":"301","filename":"http://whospets.com\/images\/product\/301\/67d3252a0fae41ae03a5c660e61a8468.jpeg"},{"product_id":"302","category_id":"177","status":"1","store_id":"87","tax_id":"0","title":"Unknown-45.jpeg","description":"","descriptionDisplay":"<br \/>","keywords":"","price":"","language":"","specifications":"","style_code":"","color":"","condition":"","size":"","quantity":"0","view":"535","created":"2016-12-07 22:18:07","feature_date":"","gallery_date":"","banner_a":"","banner_b":"","banner_c":"","todays_deal":"","discount":"","date_lost":"0000-00-00 00:00:00","date_born":"2012-12-12 00:00:00","sub_category":"","weight":"","height":"","name_of_pet":"\u5e0c\u671b\u732b\u72d7\u5929\u5730","country":"","contact":"","pet_status":"3","count_down_end_date":"0000-00-00 00:00:00","last_seen_appearance":"","questions":"","pet_id":"","gender":"","country_id":"1","sub_country_id":"301","filename":"http://whospets.com\/images\/product\/302\/330709acfe9610c203e22fe674a9e780.jpeg"},{"product_id":"303","category_id":"177","status":"1","store_id":"87","tax_id":"0","title":"Unknown-46.jpeg","description":"","descriptionDisplay":"<br \/>","keywords":"","price":"","language":"","specifications":"","style_code":"","color":"","condition":"","size":"","quantity":"0","view":"626","created":"2016-12-07 22:19:17","feature_date":"","gallery_date":"","banner_a":"","banner_b":"","banner_c":"","todays_deal":"","discount":"","date_lost":"0000-00-00 00:00:00","date_born":"2012-12-10 00:00:00","sub_category":"","weight":"","height":"","name_of_pet":"\u5e0c\u671b\u732b\u72d7\u5929\u5730","country":"","contact":"","pet_status":"3","count_down_end_date":"0000-00-00 00:00:00","last_seen_appearance":"","questions":"","pet_id":"","gender":"","country_id":"1","sub_country_id":"301","filename":"http://whospets.com\/images\/product\/303\/107641ef428d1712e93e18ef29151b54.jpeg"},{"product_id":"304","category_id":"0","status":"1","store_id":"87","tax_id":"0","title":"Unknown-47.jpeg","description":"","descriptionDisplay":"<br \/>","keywords":"","price":"","language":"","specifications":"","style_code":"","color":"","condition":"","size":"","quantity":"0","view":"496","created":"2016-12-07 22:20:08","feature_date":"","gallery_date":"","banner_a":"","banner_b":"","banner_c":"","todays_deal":"","discount":"","date_lost":"0000-00-00 00:00:00","date_born":"2013-12-17 00:00:00","sub_category":"","weight":"","height":"","name_of_pet":"\u5e0c\u671b\u732b\u72d7\u5929\u5730","country":"","contact":"","pet_status":"3","count_down_end_date":"0000-00-00 00:00:00","last_seen_appearance":"","questions":"","pet_id":"","gender":"","country_id":"1","sub_country_id":"301","filename":"http://whospets.com\/images\/product\/304\/4570a94cfb36b19cf32aa6dd3f3656bf.jpeg"},{"product_id":"305","category_id":"177","status":"1","store_id":"87","tax_id":"0","title":"Unknown-49.jpeg","description":"","descriptionDisplay":"<br \/>","keywords":"","price":"","language":"","specifications":"","style_code":"","color":"","condition":"","size":"","quantity":"0","view":"587","created":"2016-12-07 22:27:06","feature_date":"","gallery_date":"","banner_a":"","banner_b":"","banner_c":"","todays_deal":"","discount":"","date_lost":"0000-00-00 00:00:00","date_born":"2013-12-16 00:00:00","sub_category":"","weight":"","height":"","name_of_pet":"\u5e0c\u671b\u732b\u72d7\u5929\u5730","country":"","contact":"","pet_status":"3","count_down_end_date":"0000-00-00 00:00:00","last_seen_appearance":"","questions":"","pet_id":"","gender":"","country_id":"1","sub_country_id":"301","filename":"http://whospets.com\/images\/product\/305\/3137ae0eb32262e1099805a0079834de.jpeg"},{"product_id":"306","category_id":"177","status":"1","store_id":"87","tax_id":"0","title":"Unknown-50.jpeg","description":"","descriptionDisplay":"<br \/>","keywords":"","price":"","language":"","specifications":"","style_code":"","color":"","condition":"","size":"","quantity":"0","view":"604","created":"2016-12-07 22:28:26","feature_date":"","gallery_date":"","banner_a":"","banner_b":"","banner_c":"","todays_deal":"","discount":"","date_lost":"0000-00-00 00:00:00","date_born":"2011-12-13 00:00:00","sub_category":"","weight":"","height":"","name_of_pet":"\u5e0c\u671b\u732b\u72d7\u5929\u5730","country":"","contact":"","pet_status":"3","count_down_end_date":"0000-00-00 00:00:00","last_seen_appearance":"","questions":"","pet_id":"","gender":"","country_id":"1","sub_country_id":"301","filename":"http://whospets.com\/images\/product\/306\/a55035b959a4954bbb12f273136c3202.jpeg"},{"product_id":"307","category_id":"177","status":"1","store_id":"87","tax_id":"0","title":"Unknown-51.jpeg","description":"","descriptionDisplay":"<br \/>","keywords":"","price":"","language":"","specifications":"","style_code":"","color":"","condition":"","size":"","quantity":"0","view":"612","created":"2016-12-07 22:30:07","feature_date":"","gallery_date":"","banner_a":"","banner_b":"","banner_c":"","todays_deal":"","discount":"","date_lost":"0000-00-00 00:00:00","date_born":"2014-12-16 00:00:00","sub_category":"","weight":"","height":"","name_of_pet":"\u5e0c\u671b\u732b\u72d7\u5929\u5730","country":"","contact":"","pet_status":"3","count_down_end_date":"0000-00-00 00:00:00","last_seen_appearance":"","questions":"","pet_id":"","gender":"","country_id":"1","sub_country_id":"301","filename":"http://whospets.com\/images\/product\/307\/e40fba8300eda90044c2b3878ba67d48.jpeg"},{"product_id":"308","category_id":"177","status":"1","store_id":"87","tax_id":"0","title":"Unknown-52.jpeg","description":"","descriptionDisplay":"<br \/>","keywords":"","price":"","language":"","specifications":"","style_code":"","color":"","condition":"","size":"","quantity":"0","view":"640","created":"2016-12-07 22:31:19","feature_date":"","gallery_date":"","banner_a":"","banner_b":"","banner_c":"","todays_deal":"","discount":"","date_lost":"0000-00-00 00:00:00","date_born":"2014-12-16 00:00:00","sub_category":"","weight":"","height":"","name_of_pet":"\u5e0c\u671b\u732b\u72d7\u5929\u5730","country":"","contact":"","pet_status":"3","count_down_end_date":"0000-00-00 00:00:00","last_seen_appearance":"","questions":"","pet_id":"","gender":"","country_id":"1","sub_country_id":"301","filename":"http://whospets.com\/images\/product\/308\/08342f826ab2941b1fd23219d1b424cf.jpeg"},{"product_id":"309","category_id":"177","status":"1","store_id":"87","tax_id":"0","title":"Unknown-53.jpeg","description":"","descriptionDisplay":"<br \/>","keywords":"","price":"","language":"","specifications":"","style_code":"","color":"","condition":"","size":"","quantity":"0","view":"617","created":"2016-12-07 22:33:39","feature_date":"","gallery_date":"","banner_a":"","banner_b":"","banner_c":"","todays_deal":"","discount":"","date_lost":"0000-00-00 00:00:00","date_born":"2012-12-11 00:00:00","sub_category":"","weight":"","height":"","name_of_pet":"\u5e0c\u671b\u732b\u72d7\u5929\u5730","country":"","contact":"","pet_status":"3","count_down_end_date":"0000-00-00 00:00:00","last_seen_appearance":"","questions":"","pet_id":"","gender":"","country_id":"1","sub_country_id":"301","filename":"http://whospets.com\/images\/product\/309\/5131162aa404159a6395a3969587a1cd.jpeg"},{"product_id":"310","category_id":"177","status":"1","store_id":"87","tax_id":"0","title":"Unknown-37.jpeg","description":"","descriptionDisplay":"<br \/>","keywords":"","price":"","language":"","specifications":"","style_code":"","color":"","condition":"","size":"","quantity":"0","view":"714","created":"2016-12-07 22:34:56","feature_date":"","gallery_date":"","banner_a":"","banner_b":"","banner_c":"","todays_deal":"","discount":"","date_lost":"0000-00-00 00:00:00","date_born":"2013-12-26 00:00:00","sub_category":"","weight":"","height":"","name_of_pet":"\u5e0c\u671b\u732b\u72d7\u5929\u5730","country":"","contact":"","pet_status":"3","count_down_end_date":"0000-00-00 00:00:00","last_seen_appearance":"","questions":"","pet_id":"","gender":"","country_id":"1","sub_country_id":"301","filename":"http://whospets.com\/images\/product\/310\/274f1b0ffb87f745b4dd078c80fa28ca.jpeg"},{"product_id":"312","category_id":"178","status":"1","store_id":"197","tax_id":"0","title":"IMG-20161210-WA0025.jpg","description":"\u5f85\u9818\u990a\uff1a \u5e03\u5e03 3\u6b72 \u62c9\u62c9 \u5df2\u7d55\u80b2 \r\n\u9577\u671f\u88ab\u56f0 \u88ab\u8650 \u5e7e\u5929\u624d\u6709\u4e00\u9910\uff0c\u6700\u8fd1\u56e0\u6afb\u6843\u773c\u66f4\u88ab\uff08\u5e78\u904b\u5730\uff09\u68c4\u990a\uff0c\u597d\u5fc3\u59d0\u59d0\u5df2\u5b89\u6392\u624b\u8853  \u4f46\u4e8c\u6708\u5c31\u8981\u96e2\u958b\u9999\u6e2f \u5514\u77e5\u5e7e\u6642\u8fd4 \u6025\u671b\u6709\u597d\u5fc3\u5bb6\u9818\u990a \r\n\r\n\u5e03\u5e03 \u6027\u683c\u6a02\u89c0 \u5341\u5206\u8070\u660e \u89aa\u4eba\u89aa\u72d7 \u5c6c\u904b\u52d5\u578b \u9069\u5408\u611b\u6236\u5916\u6d3b\u52d5\u65e2\u5bb6\u5ead  \uff08\u6ce8\u610f\uff1a\u5e03\u5e03\u56e0\u9577\u671f\u88ab\u56f0 \u9700\u5f9e\u65b0\u6559\u5c0e\u79ae\u5100 \uff09\r\n\r\n\u5982\u6709\u610f \u8acb\u806f\u7d61 \u5468\u5c0f\u59d0 93014211\r\n\r\n\u516c\u5c4b\u5c45\u5c4b\u653e\u990a\u56f0\u7c60\u4e0d\u5408\uff0c \u9700\u5bb6\u8a2a\uff0c \u8b1d\u8b1d\r\n\r\n#\u4e00\u751f\u627f\u8afe \u4e0d\u96e2\u4e0d\u68c4","descriptionDisplay":"<p>\u5f85\u9818\u990a\uff1a \u5e03\u5e03 3\u6b72 \u62c9\u62c9 \u5df2\u7d55\u80b2 <br \/>\u9577\u671f\u88ab\u56f0 \u88ab\u8650 \u5e7e\u5929\u624d\u6709\u4e00\u9910\uff0c\u6700\u8fd1\u56e0\u6afb\u6843\u773c\u66f4\u88ab\uff08\u5e78\u904b\u5730\uff09\u68c4\u990a\uff0c\u597d\u5fc3\u59d0\u59d0\u5df2\u5b89\u6392\u624b\u8853  \u4f46\u4e8c\u6708\u5c31\u8981\u96e2\u958b\u9999\u6e2f \u5514\u77e5\u5e7e\u6642\u8fd4 \u6025\u671b\u6709\u597d\u5fc3\u5bb6\u9818\u990a<\/p><p>\u5e03\u5e03 \u6027\u683c\u6a02\u89c0 \u5341\u5206\u8070\u660e \u89aa\u4eba\u89aa\u72d7 \u5c6c\u904b\u52d5\u578b \u9069\u5408\u611b\u6236\u5916\u6d3b\u52d5\u65e2\u5bb6\u5ead  \uff08\u6ce8\u610f\uff1a\u5e03\u5e03\u56e0\u9577\u671f\u88ab\u56f0 \u9700\u5f9e\u65b0\u6559\u5c0e\u79ae\u5100 \uff09<\/p><p>\u5982\u6709\u610f \u8acb\u806f\u7d61 \u5468\u5c0f\u59d0 93014211<\/p><p>\u516c\u5c4b\u5c45\u5c4b\u653e\u990a\u56f0\u7c60\u4e0d\u5408\uff0c \u9700\u5bb6\u8a2a\uff0c \u8b1d\u8b1d<\/p><h1>\u4e00\u751f\u627f\u8afe \u4e0d\u96e2\u4e0d\u68c4<\/h1><br \/>","keywords":"","price":"","language":"","specifications":"","style_code":"","color":"Chocolate","condition":"","size":"\u4e2d","quantity":"0","view":"632","created":"2016-12-10 16:41:53","feature_date":"","gallery_date":"","banner_a":"","banner_b":"","banner_c":"","todays_deal":"","discount":"","date_lost":"0000-00-00 00:00:00","date_born":"2013-12-10 00:00:00","sub_category":"","weight":"23kg","height":"","name_of_pet":"","country":"","contact":"","pet_status":"3","count_down_end_date":"0000-00-00 00:00:00","last_seen_appearance":"","questions":"","pet_id":"","gender":"F","country_id":"1","sub_country_id":"351","filename":"http://whospets.com\/images\/product\/312\/3e6043965eda7f328a2d8878ef90fe64.jpg"}]}}